StateCode,Division,YearMonth,    PCP,   TAVG,   PDSI,   PHDI,   ZNDX,   PMDI,    CDD,    HDD,   SP01,   SP02,   SP03,   SP06,   SP09,   SP12,   SP24,   TMIN,   TMAX
110,0,196001,2.26,29.46,2.24,2.24,1.58,2.24,6,910,0.01,-0.2,-0.62,0.65,0.56,0.22,0.22,20.16,38.75
110,0,196002,2.59,30.52,2.69,2.69,2.03,2.69,4,801,1.02,0.66,0.36,0.89,0.68,0.31,0.26,20.61,40.46
110,0,196003,2.12,35.91,0.02,2.43,0.06,2.39,6,840,-0.79,0.21,0.13,0.5,0.7,0.33,0.12,24.6,47.21
110,0,196004,2.15,52.59,-0.48,1.7,-1.44,0.98,36,298,-0.84,-1.08,-0.23,-0.65,0.44,0.38,-0.12,39.83,65.32
110,0,196005,2.87,59.31,-0.33,1.63,0.32,1.01,76,177,-0.06,-0.55,-0.82,-0.36,0.32,0.21,-0.04,46.2,72.41
110,0,196006,2.69,69.08,-0.5,1.25,-0.63,0.34,212,38,-0.61,-0.44,-0.72,-0.49,-0.04,0.22,-0.19,55.74,82.38
110,0,196007,2.68,73.89,-0.52,1.06,-0.2,0.05,298,10,-0.34,-0.6,-0.51,-0.55,-0.75,0.09,-0.53,60.26,87.49
110,0,196008,2.83,72.21,-0.25,1.16,0.63,0.39,291,14,0.57,0.1,-0.28,-0.76,-0.44,0.13,-0.41,59.14,85.28
110,0,196009,2.21,66.45,-0.65,0.62,-1.27,-0.58,173,56,-0.62,-0.11,-0.25,-0.68,-0.53,-0.15,-0.6,53.1,79.81
110,0,196010,2.4,54.77,-0.4,0.73,0.55,-0.23,57,271,0.33,-0.12,0.1,-0.27,-0.4,-0.62,-0.37,42.26,67.28
110,0,196011,2.05,42.73,-0.63,-0.63,-0.82,-0.63,15,532,-0.29,0.03,-0.24,-0.36,-0.69,-0.49,-0.41,31.39,54.05
110,0,196012,1.9,30.4,-1.05,-1.05,-1.44,-1.05,3,953,-0.85,-0.73,-0.4,-0.45,-0.69,-0.62,-0.19,20.08,40.69
110,0,196101,1.48,29.71,-1.83,-1.83,-2.68,-1.83,3,996,-1.65,-1.6,-1.38,-0.85,-0.89,-0.89,-0.36,18.19,41.25
110,0,196102,2.78,37.42,0.39,-1.25,1.17,-0.62,8,684,1.4,-0.19,-0.69,-0.58,-0.6,-0.84,-0.24,26.33,48.51
110,0,196103,3.16,43.47,0.81,-0.67,1.38,0.65,21,582,1.33,1.76,0.64,0.07,-0.09,-0.4,0.04,32.52,54.41
110,0,196104,2.3,48.67,0.84,0.84,0.36,0.84,20,428,-0.48,0.65,1.21,-0.17,-0.12,-0.32,0.08,36.34,61
110,0,196105,2.88,58.87,0.93,0.93,0.52,0.93,75,213,-0.04,-0.32,0.44,-0.15,-0.25,-0.32,-0.04,46.04,71.69
110,0,196106,2.92,69.49,0.81,0.81,-0.09,0.81,190,33,-0.11,-0.12,-0.32,0.12,-0.17,-0.24,0.03,55.94,83.03
110,0,196107,3.11,73.24,1.2,1.2,1.43,1.2,300,7,0.88,0.39,0.21,0.91,-0.11,-0.07,0.06,60.17,86.29
110,0,196108,2.62,72.7,1.21,1.21,0.4,1.21,277,10,0.02,0.52,0.31,0.41,-0.03,-0.15,0.04,59.85,85.53
110,0,196109,2.94,63.41,1.71,1.71,1.88,1.71,174,57,1,0.72,0.99,0.3,0.55,0.16,0.05,51.15,75.67
110,0,196110,1.78,53.85,1.3,1.3,-0.72,0.87,43,259,-0.72,0.01,-0.01,0.13,0.7,-0.1,-0.45,40.69,66.97
110,0,196111,2.59,40.5,1.52,1.52,1.08,1.52,12,561,0.6,-0.06,0.34,0.38,0.47,0.13,-0.19,30.18,50.81
110,0,196112,2.69,31.08,1.83,1.83,1.39,1.83,6,870,0.56,0.77,0.21,0.62,0.3,0.5,0,21.49,40.69
110,0,196201,2.21,26.96,2.07,2.07,1.3,2.07,6,994,-0.09,0.31,0.58,0.37,0.41,0.8,0,16.11,37.83
110,0,196202,2.55,34.92,2.41,2.41,1.64,2.41,14,750,0.94,0.54,0.77,0.67,0.67,0.7,-0.02,24.17,45.68
110,0,196203,2.15,37.9,-0.09,2.07,-0.28,1.88,8,708,-0.72,0.19,0.06,0.2,0.54,0.26,0,26.91,48.9
110,0,196204,2.1,51.84,-0.52,1.41,-1.32,0.6,26,352,-0.97,-1.12,-0.31,0.27,0.17,0.22,-0.02,38.71,64.98
110,0,196205,2.69,62.24,-0.91,0.83,-1.33,-0.57,142,135,-0.44,-0.91,-1.06,-0.23,0.03,0.11,-0.1,49.57,74.91
110,0,196206,3.21,67.91,-0.44,1.12,1.13,0.21,198,41,0.57,0.02,-0.42,-0.32,-0.11,0.22,0.03,55.17,80.64
110,0,196207,2.91,72.07,-0.06,1.33,0.99,0.78,275,17,0.31,0.54,0.1,-0.21,0.16,0.11,0.08,59.14,84.97
110,0,196208,2.04,72.12,-0.53,0.72,-1.43,-0.36,284,17,-1.7,-0.9,-0.33,-0.92,-0.37,-0.13,-0.13,58.23,86.02
110,0,196209,2.78,64.18,-0.12,1.01,1.08,0.31,137,99,0.64,-0.47,-0.24,-0.47,-0.39,-0.21,0.01,51.3,77.05
110,0,196210,2.33,56.12,-0.1,0.91,0.03,0.22,61,248,0.22,0.48,-0.21,-0.07,-0.28,0.05,-0.01,43.77,68.45
110,0,196211,2.05,43.18,-0.4,-0.4,-0.95,-0.4,7,576,-0.29,-0.05,0.21,-0.06,-0.57,-0.21,0,32.32,54.01
110,0,196212,1.58,33.4,-1.15,-1.15,-2.36,-1.15,2,898,-1.43,-1.11,-0.74,-0.69,-0.73,-0.68,-0.05,22.71,44.1
110,0,196301,1.57,24.44,-2.06,-2.06,-3.1,-2.06,4,1073,-1.43,-1.9,-1.62,-1.17,-0.87,-0.9,0,12.97,35.91
110,0,196302,1.73,34.12,-2.53,-2.53,-2.06,-2.53,4,841,-0.88,-1.76,-2.42,-1.1,-1.01,-1.23,-0.29,22.08,46.18
110,0,196303,2.47,43.72,-2.55,-2.55,-0.83,-2.55,22,577,-0.01,-0.58,-1.45,-1.4,-1.17,-1.11,-0.47,31.33,56.1
110,0,196304,2.3,51.89,-2.54,-2.54,-0.76,-2.54,43,342,-0.48,-0.28,-0.71,-1.98,-1.41,-1.06,-0.47,39.61,64.15
110,0,196305,2.36,61.02,-2.87,-2.87,-1.77,-2.87,98,174,-1.17,-1.12,-0.84,-2.06,-1.33,-1.19,-0.64,48.04,73.96
110,0,196306,2.94,68.67,-2.55,-2.55,0.06,-2.47,207,41,-0.06,-0.78,-0.84,-1.41,-1.41,-1.28,-0.65,55.96,81.36
110,0,196307,2.69,73.6,-2.48,-2.48,-0.56,-2.48,302,11,-0.31,-0.22,-0.76,-0.94,-1.52,-1.33,-0.78,60.37,86.85
110,0,196308,2.33,71.98,-2.6,-2.6,-1.14,-2.6,264,22,-0.8,-0.78,-0.58,-0.92,-1.68,-1.25,-0.86,59.02,84.94
110,0,196309,2.21,66.34,-2.78,-2.78,-1.35,-2.78,152,84,-0.62,-0.93,-0.9,-1.1,-1.53,-1.5,-1.09,53.4,79.27
110,0,196310,0.96,59.36,-4.07,-4.07,-4.73,-4.07,74,178,-2.26,-1.86,-1.94,-1.67,-1.64,-2.12,-1.37,45.21,73.47
110,0,196311,2.66,44.04,-3.77,-3.77,-0.36,-3.77,11,498,0.72,-0.93,-0.99,-1.02,-1.18,-1.83,-1.33,32.77,55.31
110,0,196312,1.48,27.9,-4.41,-4.41,-3.08,-4.41,1,1025,-1.61,-0.51,-1.52,-1.52,-1.54,-1.86,-1.71,17.49,38.32
110,0,196401,2.43,31.53,-4.55,-4.55,-1.76,-4.55,5,891,0.32,-0.92,-0.27,-1.34,-1.4,-1.44,-1.55,20.17,42.89
110,0,196402,1.56,31.77,-4.6,-4.6,-1.58,-4.6,3,818,-1.3,-0.6,-1.58,-1.61,-1.46,-1.52,-1.86,20.14,43.39
110,0,196403,2.83,38.82,0.54,-3.59,1.61,-2.93,14,654,0.72,-0.27,-0.05,-1.26,-1.33,-1.38,-1.57,26.78,50.86
110,0,196404,3.29,51.3,1.25,-2.45,2.31,-0.88,38,355,1.61,1.4,0.68,0.24,-0.89,-1.03,-1.25,39.18,63.41
110,0,196405,2.25,61.43,-0.75,-2.95,-2.24,-2.19,113,140,-1.43,0.19,0.47,-0.64,-1.05,-1.06,-1.35,48.42,74.43
110,0,196406,2.81,68,-0.74,-2.72,-0.22,-2,209,46,-0.35,-1.09,-0.06,-0.13,-0.96,-1.11,-1.49,55.29,80.69
110,0,196407,2.61,74.66,-1.08,-2.85,-1.23,-2.49,322,7,-0.53,-0.53,-1.07,-0.39,-0.45,-1.12,-1.57,61.41,87.91
110,0,196408,2.87,70.72,-0.72,-2.31,0.74,-1.64,252,27,0.68,0.04,-0.16,0.15,-0.59,-0.92,-1.38,57.79,83.62
110,0,196409,2.54,63.7,-0.49,-1.91,0.47,-1.04,141,82,0.11,0.48,0.14,0,-0.07,-0.81,-1.46,50.79,76.59
110,0,196410,1.36,53.78,-1.09,-2.37,-1.96,-2.1,40,314,-1.49,-0.97,-0.61,-1.08,-0.61,-0.64,-1.8,39.65,67.93
110,0,196411,2.38,42.33,-1.1,-2.24,-0.36,-2.05,17,517,0.26,-0.79,-0.58,-0.55,-0.24,-0.77,-1.69,31.14,53.53
110,0,196412,3.33,32.04,0.54,-1.48,1.61,-0.58,8,827,1.72,1.23,0.22,0.2,0.11,0.04,-1.19,22.37,41.72
110,0,196501,2.34,31.8,0.88,-0.93,1.19,0.44,7,913,0.16,1.23,1.07,0.36,-0.21,0.01,-0.89,21.25,42.35
110,0,196502,2.16,32.52,1.04,-0.58,0.77,1.02,7,788,0.12,0.17,1.16,0.26,0.12,0.25,-0.77,20.8,44.22
110,0,196503,2.16,35.44,1.03,1.03,0.27,1.03,10,750,-0.69,-0.38,-0.25,0.04,0.05,-0.02,-0.84,24.3,46.6
110,0,196504,2.52,51.89,0.88,0.88,-0.12,0.68,42,367,0.03,-0.41,-0.26,0.66,0.18,-0.32,-0.78,40.23,63.54
110,0,196505,2.71,60.8,0.55,0.55,-0.7,-0.26,123,131,-0.39,-0.24,-0.54,0.36,-0.07,-0.14,-0.71,48.2,73.4
110,0,196506,3.24,66.85,1.03,1.03,1.59,1.03,173,55,0.64,0.08,0.07,-0.16,0,0.04,-0.65,54.61,79.07
110,0,196507,2.73,72.61,1.19,1.19,0.81,1.19,278,13,-0.2,0.3,-0.05,-0.27,0.41,0.07,-0.66,59.76,85.42
110,0,196508,2.8,71.06,1.54,1.54,1.42,1.54,268,18,0.5,0.13,0.47,-0.21,0.45,0.05,-0.53,58.33,83.77
110,0,196509,3.53,61.77,2.77,2.77,4.16,2.77,149,89,2.35,1.9,1.49,0.9,0.55,0.5,-0.18,50.23,73.31
110,0,196510,1.45,54.99,-0.55,1.94,-1.64,1.19,45,284,-1.32,0.33,0.46,0.28,0.01,0.56,-0.05,41.22,68.77
110,0,196511,2,44.65,-0.83,1.4,-1.03,0.2,20,512,-0.38,-1.14,0.05,0.23,-0.14,0.36,-0.23,33.82,55.49
110,0,196512,2.16,35.85,-1.06,0.94,-0.93,-0.61,6,760,-0.39,-0.48,-1.06,-0.07,-0.04,-0.16,0.01,25.97,45.72
110,0,196601,2.36,26.38,-1.01,0.79,-0.17,-0.75,4,1025,0.19,-0.15,-0.31,0.04,0.03,-0.14,0.01,16.39,36.37
110,0,196602,2.34,31.24,-0.46,1.14,1.31,0.11,5,803,0.51,0.45,0.13,0.09,0.23,-0.08,0.21,20.59,41.9
110,0,196603,1.61,43,-1.51,-1.51,-3.27,-1.51,11,596,-2.12,-1,-0.69,-1.26,-0.37,-0.3,-0.11,30.49,55.51
110,0,196604,2.49,49.96,-1.2,-1.2,0.47,-0.87,29,388,-0.04,-1.39,-0.79,-0.73,-0.32,-0.28,-0.32,37.53,62.38
110,0,196605,2.24,60.19,-1.67,-1.67,-1.79,-1.67,85,197,-1.46,-1.01,-1.81,-1.12,-0.78,-0.5,-0.36,46.54,73.81
110,0,196606,2.24,67.93,-2.07,-2.07,-1.72,-2.07,192,37,-1.52,-1.82,-1.49,-1.47,-1.61,-0.93,-0.52,54.7,81.18
110,0,196607,2.41,75.07,-2.64,-2.64,-2.36,-2.64,344,8,-1.09,-1.58,-1.79,-1.62,-1.44,-1.04,-0.6,61.72,88.41
110,0,196608,3.11,70.86,-2,-2,1.11,-1.47,266,17,1.27,0.11,-0.82,-1.52,-1.2,-0.93,-0.53,58.12,83.59
110,0,196609,2.44,64.54,-1.85,-1.85,-0.15,-1.33,130,89,-0.11,0.7,0.07,-1.03,-1.19,-1.38,-0.59,51.96,77.13
110,0,196610,1.67,52.83,-1.96,-1.96,-0.92,-1.76,41,313,-0.92,-0.72,-0.13,-1.29,-1.38,-1.34,-0.52,39.33,66.33
110,0,196611,2.01,43.21,-2.31,-2.31,-1.65,-2.31,12,518,-0.36,-0.86,-0.72,-0.97,-1.48,-1.32,-0.62,31.95,54.48
110,0,196612,2.54,32.68,-2.42,-2.42,-1.03,-2.42,4,847,0.3,-0.04,-0.51,-0.38,-0.99,-1.16,-0.8,22.77,42.6
110,0,196701,2.15,33.1,-2.62,-2.62,-1.35,-2.62,8,832,-0.21,0.06,-0.14,-0.2,-1.04,-1.17,-0.8,22.3,43.88
110,0,196702,1.42,32.88,-2.81,-2.81,-1.38,-2.81,5,825,-1.67,-1.29,-0.75,-0.97,-1.11,-1.54,-1.01,20.79,44.98
110,0,196703,1.92,43.63,-3.35,-3.35,-2.5,-3.35,24,607,-1.28,-2.23,-1.87,-1.42,-1.06,-1.42,-1.05,31.46,55.81
110,0,196704,2.67,51.01,0.21,-2.8,0.62,-2.49,49,369,0.36,-0.55,-1.47,-0.95,-0.78,-1.43,-1.01,39.2,62.82
110,0,196705,2.96,57.63,0.59,-2.11,1.21,-1.27,75,239,0.12,0.31,-0.37,-0.77,-0.99,-1.1,-0.95,44.76,70.48
110,0,196706,3.58,67.55,1.35,-1.07,2.46,0.75,199,40,1.51,0.9,0.84,-0.47,-0.64,-0.54,-0.88,55.58,79.52
110,0,196707,2.89,72.52,1.94,1.94,2.18,1.94,277,10,0.25,1.13,0.81,-0.33,-0.34,-0.35,-0.86,59.77,85.26
110,0,196708,2.51,71.22,2.11,2.11,1.12,2.11,250,20,-0.29,-0.11,0.77,0.06,-0.32,-0.6,-0.94,57.78,84.65
110,0,196709,2.49,64.06,2.07,2.07,0.54,2.07,116,90,0,-0.17,-0.03,0.56,-0.42,-0.59,-1.25,51.08,77.02
110,0,196710,2.34,53.92,2.14,2.14,0.84,2.14,42,285,0.23,0.15,-0.01,0.5,-0.27,-0.29,-1.05,40.77,67.08
110,0,196711,1.61,41.54,1.57,1.57,-1.03,1.04,13,603,-1.04,-0.54,-0.44,0,-0.22,-0.48,-1.15,30.45,52.63
110,0,196712,3.06,32.07,2.04,2.04,1.89,2.04,9,814,1.23,0.1,0.17,0.08,0.45,-0.25,-0.86,22.37,41.79
110,0,196801,2.17,28.94,2.28,2.28,1.36,2.28,5,988,-0.17,0.71,-0.01,-0.04,0.34,-0.22,-0.85,18.57,39.29
110,0,196802,1.48,32.92,1.64,1.64,-1.21,1.04,2,836,-1.51,-1.16,-0.04,-0.36,-0.03,-0.22,-1.1,22.01,43.84
110,0,196803,2.16,43.56,0.9,0.9,-1.74,-0.5,8,583,-0.69,-1.59,-1.39,-0.6,-0.51,-0.1,-0.92,31.15,55.96
110,0,196804,2.46,50.58,0.86,0.86,0.17,-0.42,33,330,-0.11,-0.5,-1.32,-0.75,-0.58,-0.15,-0.93,37.96,63.19
110,0,196805,3.33,58.17,1.45,1.45,2.05,0.96,78,205,0.84,0.51,0.05,-0.03,-0.29,-0.01,-0.65,45.7,70.63
110,0,196806,3.12,68.5,1.58,1.58,0.84,1.31,200,40,0.35,0.77,0.53,-0.46,-0.24,-0.23,-0.44,55.69,81.34
110,0,196807,2.77,72.86,1.8,1.8,1.14,1.8,300,8,-0.09,0.17,0.56,-0.41,-0.33,-0.29,-0.36,59.95,85.78
110,0,196808,2.88,70.59,2.27,2.27,1.96,2.27,282,19,0.7,0.36,0.47,0.2,0.13,-0.13,-0.42,58.46,82.72
110,0,196809,2.31,63.9,2.04,2.04,0.02,1.98,138,69,-0.4,0.13,0.07,0.38,-0.37,-0.22,-0.48,50.65,77.14
110,0,196810,2.07,54.64,1.79,1.79,-0.13,1.61,49,257,-0.22,-0.39,-0.09,0.29,-0.38,-0.32,-0.38,41.79,67.5
110,0,196811,2.82,41.14,2.22,2.22,1.85,2.22,7,572,0.98,0.51,0.24,0.38,0.26,0.21,-0.14,31.32,50.95
110,0,196812,2.82,30.04,2.78,2.78,2.35,2.78,3,908,0.8,1.16,0.77,0.58,0.69,0.1,-0.01,19.92,40.15
110,0,196901,3.01,29.37,3.72,3.72,3.69,3.72,6,946,1.31,1.42,1.57,1.05,1.11,0.46,0.24,19.81,38.91
110,0,196902,2.23,32.81,3.65,3.65,0.95,3.65,3,787,0.27,1.19,1.39,0.99,1.02,0.8,0.44,23.13,42.48
110,0,196903,1.89,36.03,3.05,3.05,-0.68,2.73,4,750,-1.35,-0.71,0.32,0.78,0.63,0.71,0.44,24.55,47.52
110,0,196904,2.6,52.63,2.68,2.68,-0.16,2.24,34,322,0.21,-0.71,-0.41,0.95,0.71,0.81,0.42,39.96,65.28
110,0,196905,2.66,61.41,2.05,2.05,-1.08,1.13,94,147,-0.5,-0.2,-0.81,0.36,0.4,0.48,0.31,48.11,74.71
110,0,196906,3.31,66.83,2.43,2.43,1.77,2.14,196,52,0.81,0.11,0.17,0.26,0.64,0.56,0.24,54.5,79.14
110,0,196907,3.09,74.1,2.65,2.65,1.41,2.65,330,10,0.82,1.01,0.38,-0.1,0.88,0.68,0.28,61.41,86.77
110,0,196908,2.31,73.22,2.11,2.11,-0.78,1.72,295,11,-0.86,-0.11,0.39,-0.42,0.41,0.43,0.24,59.58,86.88
110,0,196909,2.3,65.55,1.66,1.66,-0.72,0.91,148,68,-0.42,-0.81,-0.27,-0.07,0.06,0.43,0.17,52.88,78.22
110,0,196910,2.7,51.03,2.29,2.29,2.39,2.29,47,314,0.81,0.35,-0.04,0.21,-0.1,0.74,0.29,39.96,62.1
110,0,196911,1.59,41.59,1.68,1.68,-1.1,1.13,8,584,-1.07,-0.15,-0.3,-0.08,-0.48,0.15,0.28,30,53.2
110,0,196912,2.94,33.46,2,2,1.47,2,4,869,1.01,-0.06,0.36,0.1,0.14,0.21,0.28,23.81,43.11
110,0,197001,2.09,27.14,2.09,2.09,0.88,2.09,2,1067,-0.32,0.47,-0.22,-0.19,0.03,-0.19,0.26,17.04,37.26
110,0,197002,1.63,35.35,1.52,1.52,-1.06,0.97,3,763,-1.13,-1.04,-0.1,-0.29,-0.12,-0.46,0.29,23.31,47.37
110,0,197003,2.68,38.5,1.77,1.77,1.22,1.71,10,695,0.43,-0.4,-0.58,-0.03,-0.18,-0.11,0.43,27.72,49.3
110,0,197004,2.78,49.44,2.08,2.08,1.48,2.08,37,363,0.59,0.65,0.04,-0.14,-0.17,0.01,0.51,37.51,61.38
110,0,197005,2.61,61.07,-0.36,1.5,-1.09,0.94,103,135,-0.61,-0.02,0.17,0.02,-0.17,-0.03,0.3,47.73,74.41
110,0,197006,2.77,68.74,-0.45,1.22,-0.38,0.44,195,36,-0.44,-0.67,-0.26,-0.57,-0.21,-0.28,0.21,55.92,81.55
110,0,197007,2.41,73.96,-0.88,0.63,-1.41,-0.78,317,6,-1.09,-0.87,-0.96,-0.69,-0.65,-0.57,0.09,60.71,87.21
110,0,197008,2.37,73.38,-1.35,-1.35,-1.68,-1.35,304,11,-0.69,-1.19,-1.06,-0.58,-0.51,-0.55,-0.04,59.9,86.86
110,0,197009,3.06,64.58,0.54,-0.67,1.62,0.34,178,64,1.27,0.51,-0.09,-0.27,-0.53,-0.24,0.15,51.87,77.27
110,0,197010,2.88,52.27,1.31,1.31,2.48,1.31,45,270,1.09,1.48,1.03,0.02,-0.05,-0.15,0.4,40.46,64.06
110,0,197011,2.2,41.31,1.31,1.31,0.41,1.31,6,564,-0.04,0.72,1.06,0.19,0.18,0.11,0.22,30.78,51.82
110,0,197012,2.22,33.58,1.31,1.31,0.38,1.31,9,812,-0.28,-0.18,0.42,0.23,0.04,-0.21,0.09,23.07,44.1
110,0,197101,2.03,29.41,1.27,1.27,0.31,1.27,7,978,-0.44,-0.49,-0.38,0.32,-0.18,-0.22,-0.16,18.84,39.99
110,0,197102,2.37,33.48,1.57,1.57,1.29,1.57,7,766,0.57,0.02,-0.15,0.67,0.07,0.08,-0.13,22.35,44.6
110,0,197103,2.08,39.65,-0.3,1.11,-0.91,0.56,10,692,-0.88,-0.18,-0.47,0.07,-0.02,-0.16,-0.07,27.73,51.57
110,0,197104,1.86,50.27,-0.76,-0.76,-1.46,-0.76,23,391,-1.59,-1.71,-0.99,-0.91,-0.14,-0.53,-0.27,37.06,63.48
110,0,197105,2.92,58.26,-0.39,-0.39,0.86,-0.39,71,209,0.04,-0.93,-1.15,-0.91,-0.01,-0.41,-0.24,45.34,71.19
110,0,197106,2.53,69.44,-0.74,-0.74,-1.17,-0.74,235,36,-0.94,-0.58,-1.14,-1.12,-0.56,-0.52,-0.46,56.53,82.36
110,0,197107,3,72.36,0.37,0.37,1.1,0.37,285,12,0.56,-0.37,-0.29,-0.77,-0.8,-0.28,-0.5,59.22,85.51
110,0,197108,2.75,72.01,0.63,0.63,0.91,0.63,262,15,0.36,0.56,-0.18,-0.89,-0.79,-0.11,-0.38,58.98,85.05
110,0,197109,2.83,64.33,1,1,1.3,1,173,56,0.75,0.75,0.87,-0.35,-0.55,-0.22,-0.26,52,76.64
110,0,197110,2.73,55.08,1.39,1.39,1.48,1.39,69,205,0.86,1.02,1.03,0.49,-0.11,-0.28,-0.26,43.48,66.63
110,0,197111,2.03,41.61,1.27,1.27,0.07,1.22,13,572,-0.33,0.37,0.58,0.31,-0.34,-0.37,-0.12,31.06,52.16
110,0,197112,3.2,33.98,2.01,2.01,2.62,2.01,16,739,1.48,0.72,0.98,1.16,0.31,0.08,0,24.75,43.23
110,0,197201,2.33,29.93,2.5,2.5,2.07,2.5,14,898,0.14,1.07,0.64,1.02,0.7,0.2,0.08,18.91,40.95
110,0,197202,1.8,33.55,2.12,2.12,-0.36,1.9,6,786,-0.71,-0.39,0.64,0.77,0.55,-0.06,0.12,21.83,45.25
110,0,197203,2.13,44.04,1.24,1.24,-1.97,0.12,22,609,-0.76,-1.04,-0.76,0.37,0.63,-0.02,-0.02,31.42,56.66
110,0,197204,2.26,50.81,0.95,0.95,-0.49,-0.36,37,387,-0.57,-0.87,-1.17,-0.11,0.4,0.2,-0.16,38.14,63.46
110,0,197205,2.95,60.53,0.88,0.88,0.08,-0.37,88,150,0.1,-0.27,-0.6,-0.03,0.32,0.2,-0.1,47.59,73.44
110,0,197206,3.1,68.22,1.06,1.06,0.8,0.13,173,54,0.31,0.22,-0.1,-0.57,0.17,0.44,-0.02,55.33,81.07
110,0,197207,2.93,72.18,1.41,1.41,1.39,0.9,295,10,0.36,0.39,0.29,-0.51,-0.03,0.38,0.11,59.4,84.94
110,0,197208,2.64,71.67,1.57,1.57,0.9,1.27,269,15,0.07,0.21,0.33,-0.32,0.07,0.35,0.19,58.95,84.4
110,0,197209,2.74,64.44,1.76,1.76,1.06,1.76,165,74,0.55,0.44,0.52,0.19,-0.25,0.3,0.09,52.23,76.62
110,0,197210,2.75,52.29,2.35,2.35,2.33,2.35,44,341,0.89,0.94,0.84,0.75,0.01,0.33,0.05,41.14,63.41
110,0,197211,3.05,38.93,3.34,3.34,3.68,3.34,10,633,1.35,1.46,1.4,1.32,0.61,0.8,0.31,30.45,47.41
110,0,197212,3.02,29.86,4.52,4.52,4.57,4.52,8,848,1.16,1.61,1.68,1.56,1.14,0.72,0.56,20.34,39.4
110,0,197301,2.48,29.59,4.86,4.86,2.43,4.86,6,911,0.41,1.03,1.49,1.53,1.38,0.74,0.66,19.83,39.34
110,0,197302,1.96,33.58,4.39,4.39,0.1,4.38,3,781,-0.33,0.08,0.78,1.44,1.39,0.82,0.54,23.13,44.04
110,0,197303,4,44.29,5.18,5.18,3.73,5.18,24,523,2.7,1.79,1.7,2.26,2.2,1.79,1.04,34.32,54.27
110,0,197304,3.33,48.83,5.74,5.74,3.28,5.74,18,375,1.69,2.56,2.07,2.25,2.41,2.24,1.4,37.42,60.24
110,0,197305,3.03,59.23,5.42,5.42,0.8,5.42,78,192,0.26,1.21,2.19,2.11,2.4,2.33,1.47,46.26,72.21
110,0,197306,3.05,68.95,5.02,5.02,0.48,5.02,228,27,0.19,0.26,1.05,1.93,2.48,2.39,1.65,56.07,81.82
110,0,197307,2.96,73.26,4.94,4.94,1.33,4.94,313,8,0.45,0.36,0.35,1.92,2.34,2.47,1.71,60.31,86.18
110,0,197308,2.06,72.61,3.99,3.99,-1.35,3.42,293,11,-1.64,-0.78,-0.44,1.68,1.65,2.11,1.49,59.47,85.71
110,0,197309,3.46,64.4,4.59,4.59,3.03,4.59,163,69,2.19,0.66,0.74,1.19,1.99,2.57,1.74,52.45,76.35
110,0,197310,2.37,56.07,4.19,4.19,0.24,4.19,61,226,0.28,1.35,0.58,0.61,1.82,2.23,1.67,43.3,68.83
110,0,197311,3.17,42.93,4.57,4.57,2.42,4.57,22,515,1.54,1.2,1.8,1.21,2.45,2.37,2.01,32.83,53.02
110,0,197312,3.09,33.71,5.15,5.15,3.15,5.15,4,811,1.28,1.8,1.53,1.55,1.73,2.42,1.78,23.63,43.77
110,0,197401,3.15,31.01,5.96,5.96,4.02,5.96,20,846,1.54,1.89,2.19,1.93,1.73,2.59,1.86,21.31,40.69
110,0,197402,1.68,34.74,5.07,5.07,-0.83,4.7,6,757,-1,0.64,1.25,1.99,1.59,2.55,1.81,22.71,46.76
110,0,197403,2.63,44.38,4.37,4.37,-0.53,3.76,29,562,0.32,-0.4,0.69,1.56,1.62,1.84,2.01,32.85,55.92
110,0,197404,2.55,51.55,3.94,3.94,0.08,3.32,30,327,0.09,0.29,-0.23,1.46,1.5,1.43,2.05,38.8,64.29
110,0,197405,3.07,60.37,3.7,3.7,0.47,3.2,106,182,0.34,0.29,0.35,1.02,1.81,1.45,2.2,47.86,72.9
110,0,197406,2.64,68.49,3.12,3.12,-0.59,2.37,172,47,-0.71,-0.24,-0.15,0.27,1.15,1.26,2.14,54.82,82.15
110,0,197407,2.14,74.08,2.23,2.23,-1.71,0.86,311,8,-1.82,-1.41,-0.9,-0.8,0.71,0.84,2.01,60.67,87.49
110,0,197408,3.43,70.3,2.93,2.93,2.78,2.46,260,17,2.02,0.21,-0.27,0,0.68,1.54,2.2,57.58,83.03
110,0,197409,2.72,62.31,3.13,3.13,1.51,3.12,120,100,0.51,1.63,0.5,0.14,0.44,1.18,2.32,49.24,75.36
110,0,197410,2.01,53.89,2.76,2.76,-0.15,2.63,39,315,-0.32,0.03,0.87,-0.04,-0.22,1,2.13,40.8,66.96
110,0,197411,2.18,42.39,2.36,2.36,-0.33,2.04,10,544,-0.08,-0.27,-0.02,-0.2,-0.02,0.51,1.83,31.82,52.95
110,0,197412,2.42,33.66,2.11,2.11,-0.01,1.73,5,811,0.08,0.02,-0.17,0.08,-0.03,0.21,1.5,24.03,43.3
110,0,197501,2.61,32.34,2.24,2.24,1.04,2.21,12,830,0.64,0.47,0.33,0.71,0.15,-0.03,1.45,21.81,42.87
110,0,197502,2.61,32.76,2.69,2.69,2.05,2.69,11,746,1.06,1.16,0.96,0.54,0.31,0.36,1.58,22.44,43.07
110,0,197503,3.4,38.7,3.55,3.55,3.4,3.55,14,694,1.74,1.84,1.88,1.03,1.03,0.74,1.49,27.9,49.5
110,0,197504,2.67,46.85,3.86,3.86,2.02,3.86,26,460,0.36,1.35,1.59,1.25,1.45,0.83,1.31,35.62,58.08
110,0,197505,3.28,60.35,3.82,3.82,1.07,3.82,117,132,0.74,0.72,1.36,1.57,1.17,0.91,1.41,47.79,72.93
110,0,197506,3.31,67.51,3.99,3.99,1.69,3.99,200,43,0.81,0.97,0.89,1.96,1.22,1.23,1.52,55.15,79.88
110,0,197507,2.97,73.56,4.2,4.2,1.89,4.2,295,7,0.48,0.81,0.96,1.83,1.47,1.66,1.58,60.98,86.13
110,0,197508,2.83,71.53,4.37,4.37,1.79,4.37,289,16,0.57,0.66,0.95,1.71,1.79,1.35,1.79,58.78,84.25
110,0,197509,2.66,62.89,4.37,4.37,1.36,4.37,122,106,0.37,0.61,0.72,1.05,2,1.34,1.61,50.02,75.78
110,0,197510,2.3,54.63,4.11,4.11,0.55,4.11,52,248,0.17,0.3,0.47,0.93,1.69,1.46,1.64,41.68,67.57
110,0,197511,2.28,42.6,3.86,3.86,0.53,3.86,12,486,0.09,0.17,0.28,0.66,1.28,1.53,1.34,31.03,54.19
110,0,197512,2.11,34.29,3.56,3.56,0.28,3.56,5,815,-0.48,-0.22,-0.1,0.24,0.6,1.38,1,24.01,44.55
110,0,197601,1.76,29.93,-0.1,3.09,-0.3,2.91,4,976,-1.01,-0.97,-0.67,-0.19,0.29,0.89,0.6,18.37,41.47
110,0,197602,1.89,39.56,-0.44,2.42,-1.05,1.77,10,615,-0.5,-1.16,-1.19,-0.46,-0.04,0.56,0.64,27.5,51.62
110,0,197603,2.57,42.31,-0.43,2.13,-0.11,1.4,23,556,0.2,-0.16,-0.81,-0.53,-0.16,0.21,0.64,30.22,54.41
110,0,197604,2.29,51.85,-0.65,1.66,-0.77,0.59,28,327,-0.5,-0.14,-0.37,-0.78,-0.35,0.09,0.57,39.11,64.58
110,0,197605,2.93,59.04,-0.38,1.68,0.59,0.83,68,189,0.06,-0.26,-0.11,-0.85,-0.45,-0.09,0.51,45.84,72.25
110,0,197606,2.77,67.8,-0.34,1.52,0.02,0.65,201,34,-0.44,-0.25,-0.43,-0.82,-0.65,-0.34,0.56,54.66,80.94
110,0,197607,2.74,72.9,-0.09,1.57,0.64,0.91,281,10,-0.17,-0.4,-0.3,-0.49,-0.73,-0.44,0.73,59.95,85.86
110,0,197608,2,70.66,-0.49,1,-1.22,-0.06,239,23,-1.83,-1.25,-1.11,-0.79,-1.15,-0.79,0.33,57.34,83.97
110,0,197609,2.45,64.18,0.05,0.95,0.14,-0.05,125,88,-0.09,-1.08,-0.95,-0.86,-1.1,-0.89,0.24,51.19,77.2
110,0,197610,2.44,50,0.7,1.51,1.99,0.98,25,378,0.4,0.22,-0.48,-0.5,-0.64,-0.84,0.38,37.22,62.76
110,0,197611,1.11,38.48,-0.63,0.73,-1.89,-0.45,8,679,-1.9,-1.02,-0.83,-1.18,-1.01,-1.33,0.06,26.38,50.59
110,0,197612,1.36,30.92,-1.42,-1.42,-2.57,-1.42,4,943,-1.82,-2.59,-1.69,-1.66,-1.46,-1.62,-0.19,18.68,43.16
110,0,197701,1.58,23.09,-2.31,-2.31,-3.11,-2.31,1,1184,-1.41,-2.18,-2.87,-2.03,-1.72,-1.6,-0.45,12.52,33.66
110,0,197702,1.23,36.03,-3.34,-3.34,-3.78,-3.34,4,750,-2.19,-2.69,-3.09,-2.41,-2.19,-1.85,-0.84,23.56,48.51
110,0,197703,3.1,43.18,-2.57,-2.57,1.28,-2,22,544,1.22,-0.37,-1.24,-2.12,-1.92,-1.66,-0.9,31.37,54.97
110,0,197704,2.27,54.07,-2.85,-2.85,-1.64,-2.85,35,283,-0.55,0.54,-0.57,-3.09,-2.21,-1.8,-1.01,40.57,67.59
110,0,197705,2.67,61.66,-2.94,-2.94,-1.15,-2.94,119,137,-0.48,-0.67,0.14,-1.9,-1.86,-1.84,-1.18,49.23,74.1
110,0,197706,2.49,70.34,-3.21,-3.21,-1.7,-3.21,213,41,-1.02,-0.96,-1.01,-1.43,-1.91,-1.9,-1.43,57.11,83.55
110,0,197707,2.56,74.43,-3.46,-3.46,-1.75,-3.46,347,8,-0.67,-1.05,-1.02,-1.04,-2.11,-1.9,-1.53,61.36,87.49
110,0,197708,3.55,71.78,0.81,-2.29,2.43,-1.27,292,16,2.28,1.31,0.24,0.14,-1.27,-1.37,-1.37,59.54,84.02
110,0,197709,3.22,65.93,1.32,-1.46,1.79,0.27,179,65,1.63,2.56,1.83,0.29,-0.38,-1.1,-1.24,54.07,77.77
110,0,197710,2.19,53.98,1.27,-1.23,0.24,0.53,43,303,-0.02,0.84,1.73,0.43,0,-1.23,-1.33,41.27,66.69
110,0,197711,2.86,42.87,1.58,-0.66,1.33,1.46,16,508,1.04,0.68,1.17,1.05,0.81,-0.48,-1.15,32.34,53.38
110,0,197712,2.72,33.28,1.91,1.91,1.5,1.91,5,846,0.62,1.09,0.82,1.54,0.66,0.13,-0.95,23.31,43.25
110,0,197801,3.18,25.86,2.95,2.95,3.71,2.95,2,1061,1.58,1.5,1.67,2.2,1.27,0.83,-0.49,16.86,34.84
110,0,197802,1.77,27.99,2.54,2.54,-0.32,2.35,1,953,-0.78,0.8,0.99,1.4,1.32,1.09,-0.52,18.14,37.83
110,0,197803,2.26,41.31,2.02,2.02,-0.79,1.44,10,677,-0.46,-0.86,0.41,0.87,1.47,0.72,-0.59,29.89,52.7
110,0,197804,2.54,51.58,1.82,1.82,0.04,1.22,32,361,0.07,-0.23,-0.61,0.93,1.57,0.88,-0.53,39.76,63.41
110,0,197805,3.64,59.74,2.41,2.41,2.32,2.41,96,170,1.39,1,0.54,0.98,1.41,1.32,-0.37,47.61,71.87
110,0,197806,2.55,68.94,-0.32,1.85,-0.95,1.37,216,36,-0.9,0.41,0.34,0.44,0.8,1.36,-0.44,55.76,82.09
110,0,197807,2.75,73.8,0.07,1.72,0.2,1.28,311,9,-0.14,-0.7,0.24,-0.28,0.79,1.45,-0.46,60.69,86.92
110,0,197808,2.77,71.8,0.3,1.79,0.72,1.58,295,14,0.42,0.11,-0.44,0.04,0.56,1.07,-0.24,58.78,84.83
110,0,197809,2.44,65.84,-0.12,1.48,-0.36,1.06,176,66,-0.11,0.16,0.07,0.24,0.37,0.69,-0.27,53.4,78.28
110,0,197810,1.11,54.41,-1.03,-1.03,-2.76,-1.03,51,291,-1.97,-1.4,-1.08,-0.55,-0.76,0.21,-0.66,40.44,68.36
110,0,197811,2.6,41.47,0.15,-0.77,0.45,-0.33,20,533,0.62,-0.82,-0.7,-0.76,-0.38,0.07,-0.22,31.1,51.84
110,0,197812,2.53,29.8,0.21,-0.62,0.23,0.07,9,859,0.28,0.61,-0.5,-0.37,-0.14,-0.01,0.16,19.38,40.24
110,0,197901,3.31,21.9,1.13,1.13,2.81,1.13,4,1084,1.79,1.43,1.4,0.32,0.39,0.05,0.61,12.58,31.26
110,0,197902,2.6,28.13,1.7,1.7,2.06,1.7,4,942,1.04,2.03,1.76,0.57,0.26,0.4,0.94,17.56,38.68
110,0,197903,2.8,42.06,1.75,1.75,0.67,1.75,14,584,0.66,1.13,1.96,0.85,0.69,0.67,0.89,31.06,53.08
110,0,197904,3.07,50.14,2.26,2.26,2.08,2.26,33,374,1.19,1.13,1.41,1.8,1.02,0.96,1.08,38.53,61.77
110,0,197905,3.23,59.13,2.49,2.49,1.4,2.49,83,160,0.65,1.14,1.14,1.93,1.06,0.75,1.24,46.8,71.47
110,0,197906,2.54,67.82,2.03,2.03,-0.62,1.7,184,42,-0.92,-0.16,0.45,1.69,0.84,0.73,1.29,54.57,81.07
110,0,197907,3.3,73.13,2.53,2.53,2.13,2.53,293,9,1.43,0.1,0.39,1.23,1.78,0.98,1.55,60.49,85.77
110,0,197908,2.99,70.97,3.05,3.05,2.34,3.05,261,18,0.98,1.71,0.55,1.2,1.98,1.1,1.37,58.66,83.26
110,0,197909,2.51,66.09,2.74,2.74,0.01,2.68,156,64,0.04,0.62,1.15,0.98,2.01,1.15,1.2,52.36,79.83
110,0,197910,2.2,55.26,2.48,2.48,0.06,2.38,52,279,0,0,0.38,0.5,1.16,1.68,1.24,42.12,68.4
110,0,197911,2.34,39.94,2.51,2.51,0.88,2.51,12,548,0.19,0.13,0.11,0.32,0.85,1.57,1.07,29.03,50.83
110,0,197912,1.86,36.03,2.05,2.05,-0.62,1.72,6,759,-0.93,-0.44,-0.36,0.27,0.41,1.23,0.79,24.93,47.14
110,0,198001,2.65,31.12,2.23,2.23,1.17,2.23,7,886,0.71,-0.16,0,0.19,0.35,0.85,0.63,21.85,40.37
110,0,198002,1.92,32.85,2.02,2.02,0.06,1.98,3,827,-0.43,0.27,-0.37,-0.14,0.07,0.54,0.65,22.41,43.3
110,0,198003,3.39,39.36,2.88,2.88,3.21,2.88,14,685,1.72,1.01,1.22,0.46,0.83,0.84,0.96,28.31,50.4
110,0,198004,2.38,51.44,-0.12,2.46,-0.37,2.25,23,350,-0.29,1.01,0.69,0.44,0.5,0.57,0.91,38.41,64.44
110,0,198005,3.09,60.28,0.19,2.39,0.57,2.35,96,158,0.38,0.09,0.93,0.41,0.37,0.48,0.75,47.79,72.73
110,0,198006,2.31,68.74,-0.54,1.61,-1.61,0.82,199,56,-1.38,-0.65,-0.65,0.29,-0.03,0.36,0.71,55.4,82.06
110,0,198007,1.97,75.76,-1.48,-1.48,-3,-1.48,372,7,-2.28,-2.04,-1.36,-0.58,-0.45,-0.24,0.49,61.97,89.53
110,0,198008,2.57,72.79,-1.79,-1.79,-1.37,-1.79,338,13,-0.12,-1.57,-1.83,-0.52,-0.59,-0.42,0.44,59.77,85.8
110,0,198009,2.79,66.24,-1.52,-1.52,0.23,-1.34,190,59,0.66,0.4,-0.76,-0.91,-0.14,-0.31,0.54,53.35,79.11
110,0,198010,1.87,52.59,-1.5,-1.5,-0.39,-1.42,41,323,-0.56,-0.06,-0.12,-0.98,-0.53,-0.44,0.79,39.51,65.68
110,0,198011,1.76,42.31,-2.06,-2.06,-2.16,-2.06,11,578,-0.78,-0.92,-0.45,-1.32,-0.63,-0.71,0.53,30.99,53.64
110,0,198012,1.57,35.19,-3.11,-3.11,-3.79,-3.11,4,832,-1.45,-1.48,-1.43,-1.4,-1.37,-0.82,0.28,24.21,46.17
110,0,198101,0.98,32.41,-4.78,-4.78,-5.97,-4.78,2,979,-2.97,-2.7,-2.58,-1.67,-1.95,-1.42,-0.34,21.29,43.54
110,0,198102,2.17,36.59,-5.75,-5.75,-4.39,-5.75,6,692,0.14,-2.03,-2.66,-1.72,-2.05,-1.34,-0.46,24.71,48.45
110,0,198103,2.21,42.85,-5.84,-5.84,-2.03,-5.84,10,627,-0.58,-0.29,-2.08,-2.33,-1.99,-1.79,-0.61,31.05,54.66
110,0,198104,2.19,55.13,-5.99,-5.99,-2.27,-5.99,52,272,-0.74,-0.86,-0.61,-3.09,-1.86,-2.02,-0.86,42.37,67.89
110,0,198105,3.55,58.96,0.77,-4.6,2.32,-3.69,77,177,1.23,0.45,0.05,-1.53,-1.37,-1.75,-0.79,46.85,71.1
110,0,198106,3.41,69.82,1.11,-3.71,1.26,-2.31,253,30,1.06,1.5,0.78,-0.61,-1.23,-1.29,-0.58,57.36,82.26
110,0,198107,3.09,73.96,1.62,-2.71,1.86,-0.65,330,8,0.82,1.18,1.59,0.5,-0.93,-0.83,-0.65,61.36,86.54
110,0,198108,2.76,72.1,1.88,-2,1.29,0.43,272,13,0.39,0.76,1.18,0.58,-0.7,-0.77,-0.71,59.25,84.96
110,0,198109,2.08,64.92,1.35,-2.12,-0.99,-0.11,137,80,-0.9,-0.43,0.03,0.54,-0.51,-1.07,-0.86,51.76,78.08
110,0,198110,3.1,52.32,2.29,-0.84,3.21,2.04,43,336,1.43,0.57,0.63,1.42,0.74,-0.56,-0.64,40.95,63.68
110,0,198111,2.01,44.74,2.02,-0.78,-0.08,1.84,12,516,-0.36,0.75,0.23,0.73,0.52,-0.47,-0.72,33.22,56.25
110,0,198112,2.41,33.66,2.24,2.24,1.29,2.24,4,849,0.06,-0.18,0.61,0.43,0.7,-0.09,-0.51,23.86,43.45
110,0,198201,2.84,26.22,3.02,3.02,3.01,3.02,6,1059,1.04,0.73,0.37,0.6,1.17,0.73,-0.42,15.12,37.33
110,0,198202,2.23,32.59,3.03,3.03,0.97,3.03,11,771,0.27,0.96,0.8,0.62,0.96,0.76,-0.33,21.79,43.38
110,0,198203,2.51,42.03,2.65,2.65,-0.22,2.49,22,622,0.08,0.25,0.82,0.94,0.75,0.93,-0.56,31.21,52.83
110,0,198204,2.52,48.63,2.71,2.71,1.01,2.71,28,417,0.03,0.09,0.23,0.43,0.62,1.11,-0.53,36.3,60.96
110,0,198205,3.42,60.8,2.86,2.86,1.29,2.86,114,128,1,0.7,0.55,0.86,0.77,1.04,-0.47,48.43,73.15
110,0,198206,3.31,66.33,3.25,3.25,2.06,3.25,166,66,0.81,1.17,0.88,1.12,1.15,0.99,-0.21,54.03,78.58
110,0,198207,2.95,73.2,3.64,3.64,2.16,3.64,313,10,0.42,0.77,1.11,0.75,0.75,0.9,0.04,60.78,85.62
110,0,198208,2.55,72.09,3.57,3.57,0.92,3.57,261,22,-0.17,0.08,0.53,0.62,0.91,0.81,0.04,59.59,84.56
110,0,198209,2.45,64.04,3.33,3.33,0.38,3.33,138,81,-0.09,-0.17,0.05,0.63,0.93,1,-0.07,52.05,76.03
110,0,198210,2.33,53.26,3.31,3.31,0.96,3.31,44,274,0.22,0.09,-0.02,0.67,0.57,0.64,0.06,41.14,65.35
110,0,198211,2.99,41.13,3.87,3.87,2.71,3.87,16,532,1.25,0.97,0.74,0.83,0.88,1.11,0.43,31.08,51.17
110,0,198212,3.76,35.82,5.15,5.15,5.06,5.15,11,704,2.49,2.29,1.89,1.49,1.6,1.81,1.04,26.6,45.05
110,0,198301,2.08,33.12,5.1,5.1,1.42,5.1,5,876,-0.34,1.43,1.72,1.2,1.47,1.32,1.26,23.86,42.35
110,0,198302,2.68,36.86,5.15,5.15,1.73,5.15,5,707,1.2,0.54,1.83,1.62,1.65,1.57,1.36,27.19,46.53
110,0,198303,3.7,42.4,5.73,5.73,3.35,5.73,9,595,2.23,2.24,1.72,2.43,2.15,2.25,1.78,32.76,52.03
110,0,198304,3.2,47.01,6.31,6.31,3.5,6.31,14,434,1.44,2.18,2.28,2.51,2.29,2.46,1.99,35.8,58.21
110,0,198305,3.47,57.94,6.5,6.5,2.53,6.5,75,198,1.09,1.56,2.2,2.78,2.54,2.56,2.09,45.36,70.54
110,0,198306,2.95,67.1,6.09,6.09,0.78,6.09,188,40,-0.04,0.73,1.27,2.12,2.78,2.46,2.02,54.54,79.65
110,0,198307,2.08,73.99,5.13,5.13,-1.01,4.71,344,8,-1.98,-1.07,-0.24,1.69,2.36,2.01,1.81,61,86.97
110,0,198308,2.37,75.06,4,4,-1.81,2.87,353,6,-0.69,-1.71,-1.23,1.06,1.92,1.9,1.67,62.13,87.96
110,0,198309,2.26,65.59,3.25,3.25,-1.02,1.73,167,58,-0.51,-0.78,-1.59,-0.03,0.94,1.83,1.8,52.47,78.73
110,0,198310,2.61,55,3.24,3.24,0.96,2.05,56,257,0.67,0.2,-0.11,-0.23,1.21,1.91,1.69,43.3,66.69
110,0,198311,3.92,43.03,4.25,4.25,4.04,4.25,13,523,2.73,2.19,1.62,0.54,1.83,2.48,2.28,33.28,52.77
110,0,198312,3.44,25.47,5.32,5.32,4.53,5.32,6,987,1.91,2.89,2.6,1.25,1.61,2.31,2.27,16.52,34.43
110,0,198401,1.35,28.83,4.69,4.69,-0.25,4.54,4,994,-1.96,0.18,1.62,1.07,0.76,1.77,1.78,18.72,38.97
110,0,198402,2.11,37.38,4.2,4.2,-0.02,3.99,6,649,0.01,-1.48,0.17,1.25,0.49,1.53,1.73,25.93,48.85
110,0,198403,2.75,40.08,4.12,4.12,1.05,4.12,14,696,0.56,0.42,-0.83,1.62,0.68,1.09,1.86,29.17,50.99
110,0,198404,2.95,49.6,4.33,4.33,1.92,4.33,25,381,0.95,0.93,0.8,1.6,1.3,1,1.94,37.96,61.23
110,0,198405,3.15,60.08,4.16,4.16,0.81,4.16,96,179,0.5,0.9,0.92,0.73,1.49,0.83,1.97,47.19,72.97
110,0,198406,2.93,68.61,3.81,3.81,0.23,3.81,229,34,-0.08,0.26,0.65,-0.08,1.63,0.81,1.92,56.08,81.14
110,0,198407,2.83,73.17,3.71,3.71,0.9,3.71,292,9,0.08,-0.03,0.21,0.58,1.45,1.16,1.98,60.24,86.07
110,0,198408,2.43,73.13,3.19,3.19,-0.42,2.97,307,9,-0.51,-0.36,-0.29,0.45,0.42,1.21,1.9,60.4,85.86
110,0,198409,1.91,63.14,2.49,2.49,-1.13,1.77,142,93,-1.27,-1.26,-0.97,-0.13,-0.53,1.04,1.82,50.25,76.01
110,0,198410,3.65,53.6,3.65,3.65,4.25,3.65,66,234,2.23,1.02,0.69,0.59,0.83,1.55,2.3,42.98,64.22
110,0,198411,2.85,41.54,4.24,4.24,2.91,4.24,10,577,1.03,2.16,1.29,0.84,1.13,1.03,2.23,30.83,52.25
110,0,198412,2.49,34.54,4.8,4.8,2.99,4.8,15,710,0.21,0.84,1.82,0.9,1.01,0.57,1.65,24.64,44.46
110,0,198501,1.42,26.31,4.28,4.28,-0.09,4.19,2,1054,-1.79,-0.92,-0.09,0.32,0.37,0.57,1.4,16.2,36.43
110,0,198502,2.1,30.87,4.05,4.05,0.63,4.05,6,804,-0.01,-1.38,-0.88,0.46,0.23,0.56,1.24,20.03,41.68
110,0,198503,2.48,43.48,-0.24,3.39,-0.73,3.05,23,562,0.02,0.02,-1.11,0.87,0.27,0.47,0.97,32.04,54.93
110,0,198504,1.97,54.36,-1.09,2.17,-2.62,0.77,39,270,-1.3,-0.77,-0.64,-0.45,-0.01,0.07,0.65,41.29,67.42
110,0,198505,2.55,62.08,-1.58,1.34,-1.81,-0.72,111,134,-0.74,-1.36,-0.99,-1.27,-0.12,-0.22,0.39,48.97,75.16
110,0,198506,2.62,68.11,-1.68,0.94,-0.79,-1.29,197,50,-0.75,-0.94,-1.31,-1.56,-0.03,-0.36,0.3,54.93,81.28
110,0,198507,2.72,74.05,-1.82,-1.82,-0.93,-1.82,312,6,-0.23,-0.64,-0.86,-0.97,-0.8,-0.42,0.47,60.76,87.33
110,0,198508,2.93,71.02,0.3,-1.33,0.91,-0.82,267,20,0.83,0.36,-0.19,-0.81,-1.03,-0.2,0.64,58.21,83.84
110,0,198509,3,62.73,0.98,0.98,2.13,0.98,141,77,1.13,1.3,0.96,-0.42,-0.88,0.27,0.87,50.94,74.5
110,0,198510,3.18,54.3,1.82,1.82,2.83,1.82,67,251,1.55,1.76,1.89,0.67,0.15,0.08,1.07,42.84,65.75
110,0,198511,3.54,39.51,3.22,3.22,4.74,3.22,27,518,2.14,2.37,2.4,1.99,0.86,0.38,0.95,30.22,48.79
110,0,198512,1.46,28.81,3.33,3.33,1.33,3.33,4,948,-1.64,0.47,1.16,1.35,0.37,-0.09,0.38,18.14,39.47
110,0,198601,1.45,34.68,2.91,2.91,-0.22,2.76,7,852,-1.72,-2.22,-0.38,0.83,0.26,-0.07,0.4,23.32,46.04
110,0,198602,2.82,35.85,3.37,3.37,2.28,3.37,10,723,1.48,-0.17,-1.23,1.1,0.84,0.23,0.57,25.75,45.95
110,0,198603,1.98,46.18,1.99,1.99,-3.1,0.7,17,542,-1.13,0.33,-0.77,0.51,0.78,0.03,0.38,33.78,58.59
110,0,198604,2.24,52.86,1.36,1.36,-1.28,-0.43,34,305,-0.62,-1.17,-0.02,-0.3,0.69,0.2,0.2,40.3,65.44
110,0,198605,2.95,61.09,1.17,1.17,-0.14,-0.6,106,135,0.1,-0.3,-0.79,-1.35,0.51,0.35,0.11,48.45,73.72
110,0,198606,3.03,70.41,1.02,1.02,-0.11,-0.71,230,32,0.14,0.13,-0.19,-0.64,0.24,0.52,0.14,57.65,83.16
110,0,198607,2.75,73.51,0.91,0.91,-0.02,-0.73,338,12,-0.14,0,0.01,-0.1,-0.29,0.51,0.1,60.93,86.09
110,0,198608,2.82,71.73,1.08,1.08,0.79,-0.24,261,20,0.55,0.21,0.24,-0.48,-0.92,0.48,0.22,58.86,84.58
110,0,198609,3.59,63.7,2.18,2.18,3.65,1.74,159,83,2.49,2.03,1.62,0.78,0.2,0.76,0.7,52.81,74.59
110,0,198610,2.81,54.01,2.66,2.66,2.11,2.66,50,265,0.98,2.03,2.01,1.39,1,0.6,0.46,42.42,65.59
110,0,198611,2.94,41.4,3.38,3.38,2.99,3.38,25,561,1.17,1.41,2.08,1.95,0.93,0.3,0.49,31.44,51.33
110,0,198612,2,34.43,3.61,3.61,1.73,3.61,9,796,-0.67,0.4,0.8,1.41,0.97,0.56,0.37,25.14,43.72
110,0,198701,2.17,31.44,3.8,3.8,1.69,3.8,5,917,-0.17,-0.59,0.23,1.31,1.07,0.85,0.56,21.36,41.52
110,0,198702,2.33,37.38,3.62,3.62,0.64,3.62,7,709,0.49,0.17,-0.28,1.34,1.26,0.63,0.61,27.16,47.62
110,0,198703,2.67,42.57,0.04,3.29,0.12,3.28,13,578,0.41,0.61,0.36,0.83,1.34,0.99,0.67,31.24,53.87
110,0,198704,1.46,53.53,-1.26,1.69,-3.78,0.11,22,315,-2.75,-1.34,-0.77,-0.24,0.79,0.66,0.54,39.38,67.66
110,0,198705,3.24,62.96,-1.33,1.32,-0.6,-0.46,127,117,0.67,-1.06,-0.56,-0.61,0.82,0.77,0.69,50.54,75.36
110,0,198706,2.81,70.25,-1.47,0.91,-0.83,-1.09,240,23,-0.35,0.22,-0.93,-0.49,0.12,0.66,0.76,57.22,83.28
110,0,198707,2.83,73.27,-1.48,0.65,-0.49,-1.39,329,10,0.08,-0.21,0.17,-0.39,-0.18,0.67,0.8,60.69,85.82
110,0,198708,2.74,71.87,-1.28,0.63,0.14,-1.21,299,16,0.34,0.21,-0.05,-0.49,-0.53,0.65,0.75,59.14,84.6
110,0,198709,2.19,65.25,-1.49,-1.49,-1.03,-1.49,155,65,-0.66,-0.29,-0.2,-0.79,-0.51,0.01,0.52,51.78,78.71
110,0,198710,1.15,52.95,-2.12,-2.12,-2.33,-2.12,40,345,-1.89,-1.65,-1.34,-0.75,-0.96,-0.71,-0.07,39,66.9
110,0,198711,2.55,43.97,-2.03,-2.03,-0.39,-2.03,15,501,0.54,-0.84,-0.93,-0.73,-0.86,-0.88,-0.35,33.13,54.81
110,0,198712,2.87,34.54,-1.75,-1.75,0.21,-1.58,8,777,0.89,0.92,-0.21,-0.29,-0.66,-0.51,0.11,25.18,43.92
110,0,198801,1.97,27.79,-1.79,-1.79,-0.65,-1.79,5,998,-0.57,0.24,0.49,-0.48,-0.28,-0.56,0.25,17.44,38.14
110,0,198802,1.52,33.69,-1.99,-1.99,-1.17,-1.99,5,768,-1.41,-1.43,-0.45,-0.96,-0.8,-0.9,-0.1,21.72,45.64
110,0,198803,2.04,42.4,-2.38,-2.38,-1.77,-2.38,13,593,-0.98,-1.75,-1.81,-1.12,-0.96,-1.14,-0.08,29.89,54.91
110,0,198804,2.32,51.82,-2.36,-2.36,-0.68,-2.36,28,349,-0.43,-0.92,-1.71,-0.48,-1.12,-0.81,-0.05,38.34,65.28
110,0,198805,2.07,61.21,-3.01,-3.01,-2.66,-3.01,91,146,-1.88,-1.59,-1.69,-1.44,-1.59,-1.3,-0.33,47.48,74.95
110,0,198806,1.61,70.88,-4.27,-4.27,-4.72,-4.27,215,33,-2.66,-2.79,-2.48,-2.63,-1.98,-1.74,-0.72,56.7,85.03
110,0,198807,2.7,74.79,-4.78,-4.78,-2.86,-4.78,356,4,-0.28,-2,-2.24,-2.21,-1.54,-1.74,-0.75,61.38,88.18
110,0,198808,2.57,73.67,-4.99,-4.99,-2.11,-4.99,343,7,-0.12,-0.35,-1.8,-1.96,-1.82,-1.84,-0.82,60.46,86.86
110,0,198809,2.81,64.6,-4.24,-4.24,0.71,-3.92,150,76,0.71,0.44,0.22,-1.6,-2.05,-1.64,-1.06,51.6,77.61
110,0,198810,1.43,53.96,-4.47,-4.47,-2,-4.47,46,347,-1.36,-0.56,-0.57,-1.85,-2.05,-1.6,-1.49,40.89,67.01
110,0,198811,3.17,43.29,-3.67,-3.67,1.01,-3.23,20,513,1.54,0.2,0.43,-0.72,-1.26,-1.32,-1.41,32.52,54.05
110,0,198812,1.69,33.46,-4.01,-4.01,-2.14,-4.01,6,828,-1.23,0.31,-0.45,-0.26,-1.34,-1.78,-1.52,22.41,44.51
110,0,198901,2.05,34.09,-4.25,-4.25,-1.97,-4.25,15,785,-0.4,-1.13,0.05,-0.33,-1.38,-1.65,-1.47,23.04,45.14
110,0,198902,2.01,29.17,-3.82,-3.82,-0.03,-3.78,7,822,-0.22,-0.49,-1.21,-0.35,-1.09,-1.49,-1.57,18.81,39.54
110,0,198903,2.91,42.67,-3.15,-3.15,0.84,-2.72,20,595,0.87,0.5,0.13,-0.29,-0.17,-1.16,-1.43,30.9,54.46
110,0,198904,1.79,52.88,-3.69,-3.69,-2.59,-3.69,37,343,-1.78,-0.38,-0.42,-0.21,-0.5,-1.44,-1.35,39.81,65.93
110,0,198905,3.26,60.46,0.28,-3.03,0.83,-2.65,93,172,0.7,-0.51,0.06,-0.73,-0.27,-0.91,-1.32,47.73,73.17
110,0,198906,3.8,68.13,1.21,-1.76,2.88,-0.2,207,35,2.13,1.64,0.46,0.35,-0.04,0.02,-1.09,55.65,80.6
110,0,198907,2.86,74.23,1.62,-1.04,1.62,1.08,314,7,0.17,1.47,1.42,0.51,0.39,0.07,-1.1,61.43,87.03
110,0,198908,2.73,71.31,1.92,1.92,1.41,1.92,264,17,0.31,0.25,1.38,0.7,-0.06,0.16,-1.11,59,83.61
110,0,198909,2.68,64.08,2.07,2.07,1.04,2.07,138,77,0.42,0.48,0.47,0.57,0.49,0.09,-1.01,51.19,76.95
110,0,198910,1.89,54.34,-0.17,1.69,-0.5,1.39,48,264,-0.53,-0.17,-0.05,0.83,0.37,0.32,-0.84,41.16,67.51
110,0,198911,1.73,42.93,-0.65,1.02,-1.49,-0.02,17,542,-0.84,-0.93,-0.56,0.19,0.12,-0.35,-1.06,31.03,54.82
110,0,198912,1.34,27.73,-1.54,-1.54,-2.86,-1.54,2,1057,-1.86,-1.81,-1.65,-0.97,-0.55,-0.49,-1.5,16.57,38.89
110,0,199001,2.79,36.5,-1.69,-1.69,-0.95,-1.69,15,727,0.95,-0.64,-0.95,-0.67,0.08,-0.15,-1.18,25.83,47.16
110,0,199002,2.68,36.7,0.58,-0.94,1.75,0.01,15,650,1.2,1.49,0.07,-0.39,0.17,0.12,-0.84,25.23,48.15
110,0,199003,2.71,44.74,0.39,-0.97,-0.39,-0.2,21,532,0.48,1.11,1.45,-0.37,-0.13,0.05,-0.63,33.37,56.12
110,0,199004,2.49,52.52,0.21,-1.02,-0.44,-0.41,30,325,-0.04,0.32,0.87,-0.12,-0.16,0.41,-0.59,40.01,64.99
110,0,199005,3.83,58.86,1.25,1.25,3.19,1.25,91,193,1.72,1.16,1.08,0.79,0.26,0.64,-0.15,46.83,70.9
110,0,199006,2.5,70.23,-0.5,0.62,-1.5,-0.37,233,33,-1,0.6,0.43,1.25,-0.12,0.04,0.09,57.22,83.25
110,0,199007,2.94,73.26,-0.25,0.75,0.59,0.08,315,7,0.39,-0.5,0.62,0.91,0.11,0.06,0.14,60.76,85.75
110,0,199008,2.65,72.28,-0.14,0.76,0.26,0.19,289,12,0.1,0.25,-0.42,0.51,0.42,0.03,0.17,59.63,84.9
110,0,199009,2.04,67.35,-0.8,-0.8,-2.02,-0.8,171,59,-0.99,-0.68,-0.37,0.06,0.83,-0.26,-0.07,54.34,80.37
110,0,199010,2.76,53.98,0.57,0.57,1.72,0.57,55,250,0.9,0.11,0.11,0.46,0.76,0.15,0.33,40.71,67.23
110,0,199011,2.09,44.92,0.25,0.25,-0.8,-0.39,18,467,-0.23,0.47,-0.03,-0.29,0.31,0.29,0.01,32.97,56.89
110,0,199012,2.69,30.83,0.49,0.49,0.78,0.49,10,796,0.56,0.22,0.62,0.25,0.38,0.94,0.34,19.8,41.86
110,0,199101,2.37,29.48,0.78,0.78,1.02,0.78,11,913,0.21,0.51,0.27,0.22,0.47,0.7,0.42,19.72,39.25
110,0,199102,1.64,39.81,0.1,0.1,-1.78,-0.59,10,628,-1.1,-0.57,-0.05,-0.07,-0.26,0.23,0.31,28,51.6
110,0,199103,3.33,43.32,0.74,0.74,1.94,0.74,21,568,1.62,0.57,0.56,0.8,0.47,0.53,0.43,31.93,54.73
110,0,199104,3.35,52.54,1.34,1.34,2.04,1.34,45,297,1.73,1.97,1.28,1.01,0.86,0.97,0.83,40.66,64.4
110,0,199105,3.72,61.97,1.76,1.76,1.68,1.76,147,113,1.53,1.99,2.23,1.64,1.21,0.9,0.94,50.4,73.54
110,0,199106,2.84,69.08,1.53,1.53,-0.15,1.38,230,36,-0.28,0.93,1.58,1.45,1.39,1.05,0.7,56.84,81.3
110,0,199107,2.7,73.89,1.48,1.48,0.31,1.4,333,7,-0.28,-0.36,0.61,1.26,1.05,0.92,0.65,61.14,86.63
110,0,199108,2.6,72.99,1.3,1.3,-0.09,1.1,300,9,-0.04,-0.29,-0.35,1.79,1.22,0.91,0.62,60.26,85.71
110,0,199109,2.53,64.9,1.21,1.21,0.15,1.02,151,72,0.08,0.04,-0.1,1.06,1.13,1.17,0.58,52.25,77.56
110,0,199110,2.1,54.75,1.02,1.02,-0.21,0.64,62,244,-0.17,-0.09,-0.12,0.3,0.89,0.85,0.67,41.4,68.09
110,0,199111,2.49,39.43,1.19,1.19,0.85,1.17,9,590,0.44,0.18,0.17,-0.1,1.26,1.03,0.89,29.39,49.46
110,0,199112,2.77,35.74,1.4,1.4,0.99,1.4,10,749,0.71,0.75,0.47,0.26,0.96,1.08,1.25,26.1,45.37
110,0,199201,2.08,33.62,1.43,1.43,0.51,1.43,6,844,-0.34,0.25,0.44,0.2,0.45,0.88,1.01,23.72,43.52
110,0,199202,2.32,39.7,1.33,1.33,0.16,1.33,10,634,0.46,0.02,0.47,0.38,0.13,1.21,0.91,29.34,50.07
110,0,199203,2.51,44.71,-0.33,0.86,-1,0.2,16,596,0.08,0.38,0.06,0.4,0.24,0.85,0.88,33.04,56.35
110,0,199204,2.06,52.54,-0.86,-0.86,-1.69,-0.86,29,344,-1.07,-0.58,-0.2,0.23,0.08,0.3,0.76,40.08,64.96
110,0,199205,2.29,61.16,-1.45,-1.45,-2.03,-1.45,80,158,-1.34,-1.66,-1.15,-0.49,-0.26,-0.35,0.34,48.04,74.28
110,0,199206,3.39,67.44,0.56,-0.74,1.68,0.26,171,49,1.01,-0.28,-0.69,-0.51,-0.09,-0.13,0.59,55.08,79.77
110,0,199207,3.65,71.22,1.63,1.63,3.39,1.63,288,17,2.45,2.2,0.69,0.21,0.4,0.27,0.79,59.4,83.03
110,0,199208,2.9,69.84,2.38,2.38,2.74,2.38,231,27,0.75,2.33,2.28,0.26,0.44,0.42,0.87,57.34,82.35
110,0,199209,2.33,64.67,2.14,2.14,0.02,2.08,152,78,-0.36,0.2,1.26,0.19,0.14,0.33,0.97,51.8,77.52
110,0,199210,1.67,54.54,1.56,1.56,-1.08,0.97,49,301,-0.92,-0.85,-0.47,0.11,-0.09,0.15,0.67,41.45,67.6
110,0,199211,3.27,40.06,2.51,2.51,3.34,2.51,14,571,1.71,0.57,0.3,1.32,0.34,0.49,1.02,30.92,49.19
110,0,199212,2.79,31.75,3.3,3.3,3.13,3.3,8,825,0.74,1.6,0.78,1.2,0.57,0.51,1.01,22.6,40.87
110,0,199301,3.2,30.47,4.34,4.34,4.14,4.34,13,853,1.62,1.61,2.07,1.2,1.29,0.98,1.16,21.33,39.61
110,0,199302,2.18,31.14,4.18,4.18,0.86,4.18,6,816,0.16,1.37,1.5,1.1,1.82,0.93,1.28,20.95,41.31
110,0,199303,2.85,41.79,4.04,4.04,0.9,4.04,12,653,0.76,0.65,1.5,1.48,1.77,1.12,1.2,31.01,52.57
110,0,199304,2.92,49.91,4.2,4.2,1.73,4.2,19,374,0.88,1.01,0.94,1.95,1.48,1.54,1.08,37.98,61.84
110,0,199305,2.94,60.89,3.74,3.74,-0.09,3.65,92,138,0.08,0.6,0.79,1.49,1.29,1.86,0.88,48.38,73.38
110,0,199306,3.61,67.21,4.21,4.21,2.58,4.21,205,43,1.59,0.91,1.11,1.81,1.75,2.02,1.11,55.13,79.27
110,0,199307,3.3,72.16,4.8,4.8,3.06,4.8,342,15,1.43,1.94,1.33,1.45,2.45,1.85,1.32,60.28,84.02
110,0,199308,2.77,71.89,4.98,4.98,2.01,4.98,312,12,0.42,1.22,1.84,1.64,2.11,1.78,1.36,59.54,84.22
110,0,199309,2.58,63.3,4.83,4.83,1.1,4.83,148,92,0.2,0.39,0.96,1.38,2.01,1.95,1.42,50.27,76.32
110,0,199310,2.19,52.97,4.59,4.59,0.76,4.59,47,304,-0.02,0.07,0.21,0.96,1.23,2.14,1.49,40.59,65.34
110,0,199311,2.12,39.22,4.43,4.43,0.96,4.43,12,587,-0.18,-0.13,-0.03,0.82,1.03,1.59,1.36,28.13,50.29
110,0,199312,1.96,34.2,4.11,4.11,0.39,4.11,4,822,-0.75,-0.58,-0.47,0.09,0.59,1.17,1.06,24.37,44.02
110,0,199401,2.24,29.34,4.05,4.05,1.11,4.05,7,1008,-0.03,-0.55,-0.5,-0.24,0.39,0.65,1.04,18.9,39.78
110,0,199402,2.15,31.87,3.89,3.89,0.77,3.89,10,798,0.1,0.01,-0.46,-0.3,0.4,0.64,0.99,20.7,43.07
110,0,199403,2.36,44.51,3.02,3.02,-1.4,2.42,19,584,-0.24,-0.09,-0.13,-0.45,0.01,0.44,0.98,32.2,56.82
110,0,199404,2.82,52.66,2.87,2.87,0.46,2.39,39,299,0.68,0.29,0.31,-0.18,-0.07,0.44,1.16,39.74,65.61
110,0,199405,2.43,60.67,2.09,2.09,-1.44,1.02,80,181,-1.01,-0.22,-0.3,-0.55,-0.42,0.19,1.21,47.86,73.49
110,0,199406,2.9,70.95,1.63,1.63,-0.73,0.29,260,24,-0.15,-0.74,-0.27,-0.33,-0.52,-0.14,1.11,57.97,83.93
110,0,199407,3.09,73.62,1.54,1.54,0.23,0.3,325,7,0.82,0.33,-0.32,-0.12,-0.37,-0.24,0.97,60.75,86.47
110,0,199408,2.54,72.21,1.23,1.23,-0.45,-0.13,264,19,-0.2,0.32,0.15,-0.22,-0.4,-0.34,0.87,59.2,85.23
110,0,199409,2.14,65.55,0.68,0.68,-1.27,-1.02,139,68,-0.77,-0.7,-0.18,-0.33,-0.38,-0.54,0.82,52.41,78.67
110,0,199410,2.86,54.21,1.25,1.25,1.9,0.18,49,275,1.06,0.35,0.21,-0.07,0.01,-0.24,1.22,42.51,65.91
110,0,199411,2.9,42.57,1.73,1.73,1.85,1.07,23,493,1.11,1.42,0.85,0.72,0.33,0.1,1.1,32.25,52.86
110,0,199412,2.19,36.23,1.75,1.75,0.59,1.18,10,724,-0.33,0.57,0.97,0.61,0.32,0.21,0.89,26.76,45.7
110,0,199501,3.18,33.08,2.69,2.69,3.35,2.69,6,840,1.58,0.88,1.25,0.98,0.65,0.61,0.84,23.99,42.17
110,0,199502,1.6,37.36,1.93,1.93,-1.45,1.25,8,732,-1.2,0.57,0.25,0.74,0.66,0.36,0.68,25.93,48.79
110,0,199503,2.99,43.34,2.03,2.03,0.89,1.67,19,553,1.02,0.03,1.02,1.33,1.01,0.67,0.74,32.27,54.41
110,0,199504,2.83,49.41,2.36,2.36,1.64,2.36,30,378,0.7,1.07,0.41,1.14,1.02,0.72,0.71,37.31,61.5
110,0,199505,4.1,58.64,3.46,3.46,4.03,3.46,97,186,2.16,1.84,1.84,1.5,1.62,1.49,1,47.21,70.07
110,0,199506,3.23,67.55,3.59,3.59,1.45,3.59,198,37,0.62,2.04,1.84,2,2.02,1.67,0.92,55.26,79.84
110,0,199507,2.65,73.54,3.53,3.53,0.93,3.53,345,6,-0.42,0.16,1.5,1.11,1.6,1.44,0.75,60.64,86.45
110,0,199508,2.66,74.32,3.22,3.22,0.14,3.21,358,9,0.13,-0.27,0.16,1.71,1.34,1.52,0.72,61.5,87.12
110,0,199509,2.2,64.69,2.65,2.65,-0.71,2.3,152,80,-0.64,-0.4,-0.52,1.01,1.37,1.57,0.62,51.82,77.54
110,0,199510,2.63,54.45,2.81,2.81,1.3,2.81,61,238,0.7,0.15,0.15,1.02,0.94,1.42,0.78,41.41,67.48
110,0,199511,2.37,42.04,2.71,2.71,0.58,2.71,13,597,0.24,0.63,0.24,0.22,1.26,1.17,0.85,30.61,53.46
110,0,199512,2.25,33.42,2.57,2.57,0.41,2.57,5,863,-0.23,0.04,0.38,-0.01,0.86,1.2,0.91,23.56,43.29
110,0,199601,2.82,29.7,3.03,3.03,2.17,3.03,6,931,1,0.52,0.53,0.43,1,0.96,1.01,18.61,40.78
110,0,199602,1.89,35.69,2.59,2.59,-0.38,2.38,6,730,-0.5,0.47,0.24,0.29,0.28,1.11,0.93,24.22,47.16
110,0,199603,2.24,39.02,2.24,2.24,-0.26,1.86,8,700,-0.51,-0.69,0.11,0.36,0.03,0.78,0.92,26.94,51.12
110,0,199604,2.56,50.65,2.15,2.15,0.43,1.89,27,360,0.12,-0.23,-0.45,0.16,0.16,0.7,0.85,37.58,63.72
110,0,199605,3.32,60.98,2.24,2.24,0.94,2.24,124,172,0.82,0.63,0.22,0.26,0.33,0.32,1.08,48.99,72.95
110,0,199606,2.87,69.87,1.9,1.9,-0.33,1.69,226,30,-0.22,0.41,0.36,0.26,0.39,0.14,1.1,57.07,82.65
110,0,199607,3.12,73.63,2.15,2.15,1.35,2.15,306,10,0.91,0.33,0.66,0.06,0.34,0.33,1.14,60.98,86.29
110,0,199608,2.66,72.43,2.11,2.11,0.54,2.11,288,11,0.13,0.62,0.31,0.24,0.3,0.35,1.17,59.65,85.21
110,0,199609,3.44,63.46,3.01,3.01,3.34,3.01,138,77,2.14,1.56,1.69,1.25,1.02,0.94,1.6,51.51,75.42
110,0,199610,2.49,53.65,3.15,3.15,1.35,3.15,46,279,0.48,1.47,1.33,1.35,0.76,0.88,1.53,41.23,66.07
110,0,199611,3,39.63,3.91,3.91,3.26,3.91,15,626,1.27,1.15,1.74,1.63,1.28,1.18,1.55,29.73,49.51
110,0,199612,3.29,33.91,5.07,5.07,4.7,5.07,7,757,1.64,1.83,1.65,2.17,1.86,1.73,1.71,24.12,43.68
110,0,199701,2.81,29.95,5.62,5.62,3.21,5.62,8,917,0.99,1.73,1.94,2.18,2.07,1.6,1.52,20.1,39.81
110,0,199702,2.39,36.05,5.38,5.38,1.02,5.38,11,665,0.61,1.14,1.8,2.29,2.25,1.91,1.68,26.02,46.08
110,0,199703,2.44,44.67,4.43,4.43,-1.21,3.92,32,541,-0.07,0.38,0.88,1.76,2.24,2.06,1.61,32.23,57.09
110,0,199704,2.99,47.91,4.84,4.84,2.6,4.84,20,407,1.03,0.61,0.81,1.8,2.18,2.18,1.63,35.96,59.86
110,0,199705,2.78,59.4,4.35,4.35,0.03,4.31,87,199,-0.25,0.49,0.31,1.38,2.04,1.96,1.34,46.49,72.28
110,0,199706,3.4,68.31,4.45,4.45,1.64,4.45,187,36,1.04,0.4,0.8,1.1,1.85,2.29,1.42,56.17,80.42
110,0,199707,2.71,73.18,4.27,4.27,0.82,4.27,314,10,-0.25,0.52,0.18,0.57,1.68,2.1,1.49,60.51,85.84
110,0,199708,2.68,71.74,4.1,4.1,0.84,4.1,270,18,0.18,-0.13,0.5,0.41,1.38,2.1,1.48,59.34,84.15
110,0,199709,2.54,66.42,3.63,3.63,-0.16,3.51,172,66,0.11,0.18,0.03,0.56,0.9,1.64,1.65,53.89,78.93
110,0,199710,2.52,53.92,3.66,3.66,1.2,3.66,47,277,0.52,0.42,0.42,0.4,0.67,1.62,1.66,41.59,66.24
110,0,199711,2.29,40.87,3.51,3.51,0.7,3.51,11,594,0.11,0.43,0.37,0.51,0.5,1.27,1.61,30.88,50.85
110,0,199712,2.31,34,3.38,3.38,0.68,3.38,6,802,-0.12,0.02,0.27,0.17,0.5,0.79,1.5,24.94,43.05
110,0,199801,3.36,34.99,4.18,4.18,3.46,4.18,12,757,1.86,1.23,0.99,0.91,0.83,1,1.54,25.66,44.31
110,0,199802,3.32,38.71,4.83,4.83,3.25,4.83,7,623,2.4,2.93,2.27,1.65,1.67,1.47,1.85,29.61,47.82
110,0,199803,3.23,41.34,5.07,5.07,2.2,5.07,11,593,1.45,2.42,3.03,2.13,1.84,1.92,2.17,30.83,51.84
110,0,199804,2.57,51.06,4.65,4.65,0.32,4.65,24,338,0.14,1.05,1.94,1.88,1.84,1.67,2.14,38.66,63.46
110,0,199805,2.62,62.47,-0.54,3.63,-1.62,2.97,139,127,-0.59,-0.3,0.52,1.84,1.6,1.6,2.08,49.78,75.15
110,0,199806,3.32,68.13,-0.04,3.71,1.34,3.49,230,47,0.84,0.07,0.11,2.4,1.82,1.58,2.27,55.9,80.35
110,0,199807,2.86,75.49,-0.05,3.31,-0.06,3.01,353,5,0.17,0.64,0.09,1.55,1.72,1.66,2.32,62.89,88.07
110,0,199808,2.42,74.03,-0.49,2.52,-1.34,1.68,339,7,-0.54,-0.33,0.24,0.43,1.73,1.53,2.2,61.07,86.95
110,0,199809,2.51,68.99,-0.89,1.82,-1.33,0.47,213,36,0.04,-0.29,-0.16,-0.05,1.91,1.54,2.02,56.01,81.95
110,0,199810,2.97,55.13,0.63,2.26,1.89,1.58,62,249,1.23,0.93,0.59,0.45,1.55,1.73,2.23,43.32,66.92
110,0,199811,2.63,44.91,0.73,2.2,0.5,1.64,22,486,0.67,1.26,1.04,0.93,0.94,1.94,2.08,35.04,54.73
110,0,199812,2.08,35.55,0.52,1.83,-0.4,1.12,12,718,-0.53,0.14,0.74,0.45,0.38,1.83,1.55,25.11,45.99
110,0,199901,3.13,33.78,1.2,2.37,2.18,2.3,12,841,1.51,0.69,0.88,0.94,0.81,1.59,1.53,23.13,44.46
110,0,199902,1.92,39.49,0.77,1.82,-0.91,1.3,12,635,-0.43,0.94,0.43,0.97,0.91,0.94,1.4,28.22,50.76
110,0,199903,2.19,42.8,0.21,1.16,-1.42,0,13,636,-0.62,-0.73,0.44,0.83,0.58,0.48,1.39,30.83,54.75
110,0,199904,2.87,51.55,0.53,1.38,1.01,0.62,44,327,0.78,0.13,-0.09,0.62,0.75,0.66,1.34,39.67,63.43
110,0,199905,2.91,60.06,0.52,1.28,0.14,0.56,98,152,0.02,0.5,0.07,0.28,0.82,0.77,1.41,47.37,72.73
110,0,199906,3.31,68.31,0.93,1.61,1.39,1.31,217,35,0.81,0.45,0.71,0.73,0.96,0.76,1.42,56.23,80.37
110,0,199907,2.58,74.3,0.87,1.49,0.12,1.17,367,7,-0.62,0.17,0.09,-0.1,0.44,0.6,1.43,61.74,86.86
110,0,199908,2.3,72.91,-0.36,0.97,-1.09,0.15,307,15,-0.89,-1.02,-0.29,-0.21,0.05,0.56,1.31,59.88,85.93
110,0,199909,2.52,64.35,-0.25,0.95,0.23,0.21,154,64,0.06,-0.47,-0.67,0.09,0.26,0.57,1.35,50.74,77.94
110,0,199910,1.57,54.75,-0.78,-0.78,-1.66,-0.78,57,272,-1.1,-0.74,-1.01,-0.6,-0.59,-0.06,1.09,40.62,68.88
110,0,199911,1.44,48.11,-2.07,-2.07,-4.12,-2.07,19,415,-1.33,-1.68,-1.26,-1.06,-0.83,-0.6,0.82,35.06,61.16
110,0,199912,1.73,36.1,-3.31,-3.31,-4.35,-3.31,6,755,-1.16,-1.68,-1.85,-1.63,-0.95,-0.74,0.65,25.11,47.1
110,0,200001,2.14,33.57,-4.31,-4.31,-4.03,-4.31,9,869,-0.23,-0.97,-1.51,-1.57,-1.19,-1.08,0.31,22.91,44.2
110,0,200002,2.12,39.78,-5.14,-5.14,-3.82,-5.14,11,629,0.03,-0.19,-0.9,-1.46,-1.25,-1.03,-0.01,28.36,51.19
110,0,200003,2.44,46.04,-5.16,-5.16,-1.63,-5.16,28,490,-0.07,-0.01,-0.2,-1.63,-1.5,-0.92,-0.21,33.98,58.08
110,0,200004,2.32,52.59,-4.94,-4.94,-0.95,-4.94,30,338,-0.43,-0.29,-0.21,-1.44,-1.57,-1.19,-0.28,39.42,65.77
110,0,200005,2.66,63.14,-5.02,-5.02,-1.77,-5.02,139,122,-0.5,-0.61,-0.51,-0.96,-1.45,-1.27,-0.31,50.27,75.99
110,0,200006,3.45,69.03,-4.05,-4.05,1.38,-3.47,223,31,1.17,0.3,0.03,-0.16,-1.15,-1.2,-0.28,56.44,81.59
110,0,200007,2.3,73.87,-4.07,-4.07,-1.33,-3.94,290,13,-1.39,-0.04,-0.33,-0.43,-1.09,-1.28,-0.45,60.82,86.92
110,0,200008,1.91,74.05,-4.75,-4.75,-3.28,-4.75,306,13,-2.13,-2.08,-0.93,-0.93,-1.14,-1.45,-0.59,60.75,87.33
110,0,200009,2.18,65.57,-4.7,-4.7,-1.34,-4.7,159,73,-0.68,-1.69,-2.02,-1.11,-1.03,-1.61,-0.71,52.05,79.09
110,0,200010,2.26,55.09,-4.24,-4.24,-0.06,-4.2,50,247,0.1,-0.32,-1.05,-0.88,-0.86,-1.39,-0.94,43.02,67.17
110,0,200011,2.73,38.03,-3.38,-3.38,1.26,-2.81,9,613,0.83,0.62,0.21,-0.38,-0.57,-0.84,-0.9,28.15,47.89
110,0,200012,1.71,28.44,-3.5,-3.5,-1.42,-3.41,4,984,-1.19,-0.16,-0.1,-1.06,-0.81,-0.84,-0.97,18.34,38.53
110,0,200101,1.85,31.35,-3.67,-3.67,-1.58,-3.67,3,920,-0.82,-1.36,-0.53,-0.99,-0.92,-0.91,-1.28,21.31,41.41
110,0,200102,2.21,33.98,-3.03,-3.03,0.78,-2.67,13,710,0.23,-0.49,-1.18,-0.5,-0.81,-0.89,-1.19,23.49,44.46
110,0,200103,2.57,41.49,-2.68,-2.68,0.12,-2.22,13,653,0.2,0.31,-0.28,-0.24,-1.04,-0.83,-1.05,30.72,52.23
110,0,200104,2.1,53.08,-3,-3,-1.77,-3,41,306,-0.97,-0.42,-0.21,-0.56,-1.02,-0.95,-1.27,40.73,65.43
110,0,200105,2.78,62.82,-3.12,-3.12,-1.31,-3.12,121,121,-0.25,-0.77,-0.48,-1.1,-0.66,-0.88,-1.29,49.5,76.12
110,0,200106,3.12,69.24,-2.65,-2.65,0.45,-2.41,223,32,0.35,0.02,-0.42,-0.52,-0.44,-1.02,-1.38,56.44,82.02
110,0,200107,2.72,74.48,-2.55,-2.55,-0.52,-2.45,306,10,-0.23,0.1,-0.11,-0.29,-0.51,-0.84,-1.35,61.84,87.1
110,0,200108,2.41,74.3,-2.82,-2.82,-1.59,-2.82,334,6,-0.57,-0.59,-0.22,-0.53,-0.94,-0.65,-1.34,61.18,87.42
110,0,200109,2.45,65.7,-2.69,-2.69,-0.49,-2.69,141,72,-0.09,-0.4,-0.43,-0.57,-0.64,-0.55,-1.38,52.54,78.84
110,0,200110,2.06,54.37,-2.52,-2.52,-0.32,-2.52,47,266,-0.24,-0.24,-0.45,-0.36,-0.46,-0.63,-1.3,41.23,67.51
110,0,200111,2.39,47.41,-2.74,-2.74,-1.43,-2.74,21,406,0.27,0.03,-0.02,-0.18,-0.4,-0.79,-1.02,35.78,59.02
110,0,200112,2.36,36.12,-2.97,-2.97,-1.53,-2.97,12,698,-0.03,0.19,0,-0.25,-0.4,-0.5,-0.81,26.08,46.17
110,0,200201,2.01,34.48,-3.34,-3.34,-2.03,-3.34,9,779,-0.48,-0.34,-0.09,-0.35,-0.31,-0.41,-0.79,23.9,45.07
110,0,200202,1.32,36.39,-3.83,-3.83,-2.5,-3.83,6,667,-1.94,-1.71,-1.29,-0.73,-0.69,-0.79,-1.02,24.22,48.54
110,0,200203,2.59,39.54,-3.2,-3.2,0.69,-2.88,18,621,0.24,-1.08,-1.23,-0.66,-0.72,-0.77,-0.95,27.37,51.73
110,0,200204,2.26,53.49,-3.36,-3.36,-1.46,-3.36,54,290,-0.57,-0.16,-1.21,-0.76,-0.83,-0.71,-0.97,41.04,65.95
110,0,200205,2.64,59.29,-3.12,-3.12,-0.32,-3.12,92,192,-0.54,-0.74,-0.43,-1.13,-0.83,-0.77,-0.98,46.09,72.46
110,0,200206,2.56,70.86,-3.34,-3.34,-1.61,-3.34,239,26,-0.88,-0.91,-0.98,-1.4,-1,-1,-1.24,57.74,83.98
110,0,200207,2.6,75.85,-3.56,-3.56,-1.7,-3.56,365,3,-0.56,-0.9,-0.95,-1.25,-1.03,-1.03,-1.17,62.91,88.79
110,0,200208,2.4,72.86,-3.76,-3.76,-1.69,-3.76,325,9,-0.6,-0.82,-1.05,-0.95,-1.31,-1.05,-1.06,59.77,85.95
110,0,200209,2.72,66.85,-0.04,-3.41,-0.13,-3.41,198,42,0.51,0.02,-0.25,-0.86,-1.26,-0.96,-0.94,54.05,79.63
110,0,200210,3.01,51.84,0.96,-2.1,2.89,-0.89,57,305,1.29,1.23,0.84,-0.1,-0.62,-0.57,-0.76,41.07,62.58
110,0,200211,1.94,41.97,0.71,-2.04,-0.46,-0.99,11,563,-0.48,0.58,0.65,-0.12,-0.35,-0.77,-0.98,31.19,52.74
110,0,200212,3,35.08,1.16,-1.3,1.57,0.34,5,813,1.12,0.4,0.97,0.58,-0.04,-0.49,-0.56,25.27,44.87
110,0,200301,1.33,32.81,0.76,-1.45,-0.85,-0.16,4,939,-2.01,-0.39,-0.55,0.1,-0.36,-0.73,-0.66,22.24,43.38
110,0,200302,2.57,32.79,1.32,-0.66,1.93,1.22,8,798,0.98,-0.75,0.17,0.55,-0.03,-0.24,-0.56,22.44,43.14
110,0,200303,2.48,43.3,0.96,-0.82,-0.67,0.73,25,573,0.02,0.68,-0.6,0.44,0.21,-0.27,-0.57,31.62,54.97
110,0,200304,2.63,51.89,0.93,-0.67,0.19,0.84,31,355,0.27,0.2,0.68,0.04,0.41,-0.08,-0.43,39.51,64.27
110,0,200305,3.27,60.98,1.1,1.1,0.8,1.1,110,173,0.72,0.65,0.48,0.41,0.68,0.18,-0.33,48.76,73.22
110,0,200306,3.45,68.05,1.62,1.62,1.91,1.62,185,44,1.17,1.15,0.99,0.28,0.78,0.57,-0.25,55.56,80.53
110,0,200307,2.64,75.47,1.6,1.6,0.45,1.6,335,5,-0.45,0.49,0.72,0.82,0.27,0.57,-0.3,62.22,88.7
110,0,200308,2.56,74.66,-0.23,1.21,-0.69,0.78,338,6,-0.15,-0.47,0.31,0.44,0.42,0.66,-0.25,61.88,87.42
110,0,200309,2.82,64.96,0.31,1.4,0.93,1.37,154,66,0.73,0.44,0.14,0.77,0.27,0.71,-0.17,52.05,77.86
110,0,200310,1.83,56.55,-0.49,0.76,-1.47,-0.14,64,262,-0.63,-0.07,-0.14,0.35,0.55,0.18,-0.24,43.39,69.71
110,0,200311,2.55,42.35,-0.38,0.75,0.18,-0.08,22,486,0.54,-0.05,0.24,0.3,0.43,0.44,-0.19,32,52.7
110,0,200312,2.38,35.29,-0.5,-0.5,-0.48,-0.5,4,788,0.01,0.39,-0.04,0,0.46,0.16,-0.13,25.14,45.45
110,0,200401,1.97,30.34,-0.74,-0.74,-0.86,-0.74,7,960,-0.57,-0.36,0.04,-0.08,0.27,0.43,-0.12,20.26,40.44
110,0,200402,2.45,33.57,-0.16,-0.16,1.51,0.5,7,762,0.74,0.05,0.06,0.19,0.25,0.37,0.18,23.38,43.77
110,0,200403,2.01,47.41,-1.28,-1.28,-3.4,-1.28,29,491,-1.05,-0.16,-0.54,-0.34,-0.24,0.18,0.03,35.53,59.25
110,0,200404,2.5,52.68,-1.3,-1.3,-0.47,-1.3,28,308,-0.02,-0.68,-0.11,-0.03,-0.14,0.17,0.09,39.97,65.37
110,0,200405,3.34,61.92,0.21,-0.96,0.63,-0.5,136,115,0.85,0.58,-0.05,-0.04,0.11,0.18,0.24,49.44,74.37
110,0,200406,3.51,68.09,0.87,0.87,2.05,0.87,205,41,1.32,1.34,0.99,0.32,0.18,0.19,0.51,55.76,80.38
110,0,200407,3.05,72.9,1.5,1.5,2.16,1.5,297,9,0.71,1.29,1.39,0.68,0.51,0.35,0.63,60.53,85.26
110,0,200408,3.04,70.16,2.33,2.33,2.96,2.33,250,21,1.1,1.27,1.71,0.78,0.61,0.59,0.82,57.78,82.53
110,0,200409,2.98,65.66,2.63,2.63,1.62,2.63,172,52,1.09,1.43,1.5,1.63,0.98,0.67,0.91,53.04,78.28
110,0,200410,3.04,55.36,3.17,3.17,2.41,3.17,68,256,1.34,1.57,1.83,2.21,1.61,1.26,0.95,44.37,66.36
110,0,200411,3.18,43.99,4,4,3.49,4,18,494,1.56,1.88,1.96,2.77,1.89,1.59,1.32,34.16,53.83
110,0,200412,2.18,35.06,4.5,4.5,2.72,4.5,5,799,-0.35,0.86,1.34,1.79,1.9,1.49,1.03,24.62,45.52
110,0,200501,2.7,33.39,4.99,4.99,2.87,4.99,11,849,0.8,0.29,1.07,1.81,2.08,1.74,1.31,23.92,42.87
110,0,200502,2.06,37.94,-0.08,4.4,-0.23,4.26,8,670,-0.1,0.54,0.22,1.53,2.05,1.59,1.17,27.73,48.15
110,0,200503,2.34,42.31,-0.34,3.67,-0.82,3.17,13,643,-0.29,-0.26,0.28,1.2,1.62,1.81,1.17,30.72,53.91
110,0,200504,2.57,52.27,-0.35,3.26,-0.12,2.66,24,313,0.14,-0.07,-0.1,0.75,1.47,1.8,1.14,39.36,65.16
110,0,200505,2.76,59.56,-0.34,2.89,-0.08,2.22,83,190,-0.29,-0.1,-0.24,-0.07,1.12,1.53,1.02,47.1,72
110,0,200506,3.14,69.21,0.2,2.79,0.6,2.29,245,31,0.4,0.02,0.07,0.16,0.94,1.36,0.96,56.91,81.48
110,0,200507,2.7,75.31,0.11,2.44,-0.22,1.82,367,4,-0.28,0.1,-0.13,-0.24,0.44,1.17,0.99,62.1,88.5
110,0,200508,2.99,73.2,0.37,2.45,0.81,2.05,346,8,0.98,0.44,0.55,0.03,0.13,1.16,1.12,60.46,85.95
110,0,200509,1.94,67.37,-0.79,1.41,-2.36,0.13,211,42,-1.2,-0.29,-0.37,-0.2,-0.06,0.66,0.88,53.91,80.83
110,0,200510,2.37,55.38,-0.62,1.35,0.25,0.18,55,241,0.28,-0.48,-0.05,-0.12,-0.22,0.36,1.08,43.3,67.44
110,0,200511,2.22,45.01,-0.91,0.86,-1.06,-0.62,20,470,-0.01,0.18,-0.35,-0.04,-0.19,-0.09,0.97,33.17,56.84
110,0,200512,2.29,32.7,-1.12,-1.12,-0.9,-1.12,5,862,-0.15,-0.08,0.06,-0.17,-0.12,-0.04,0.91,22.62,42.78
110,0,200601,2.61,38.93,-1.19,-1.19,-0.57,-1.19,14,685,0.64,0.31,0.24,0.11,0.05,-0.07,1.03,28.22,49.64
110,0,200602,1.52,34.83,-1.51,-1.51,-1.31,-1.51,5,722,-1.41,-0.39,-0.38,-0.49,-0.21,-0.32,0.78,22.98,46.69
110,0,200603,2.31,42.62,-1.68,-1.68,-1,-1.68,21,600,-0.35,-1.22,-0.52,-0.24,-0.38,-0.31,0.88,31.5,53.73
110,0,200604,2.54,55.26,-1.95,-1.95,-1.31,-1.95,55,273,0.07,-0.16,-0.9,-0.3,-0.3,-0.3,0.88,42.04,68.45
110,0,200605,2.29,62.28,-2.57,-2.57,-2.47,-2.57,109,142,-1.34,-0.85,-0.82,-0.85,-0.83,-0.51,0.59,49.06,75.49
110,0,200606,2.56,70.75,-2.94,-2.94,-1.9,-2.94,234,25,-0.88,-1.35,-1.05,-1.09,-0.74,-0.77,0.35,57.4,84.09
110,0,200607,2.46,76.41,-3.65,-3.65,-3.03,-3.65,383,3,-0.95,-1.09,-1.41,-1.42,-1,-0.86,0.17,63.23,89.58
110,0,200608,2.8,73.4,-3.63,-3.63,-1.07,-3.63,331,11,0.5,-0.36,-0.74,-1,-0.98,-0.94,0.12,60.66,86.13
110,0,200609,2.8,63.3,-2.87,-2.87,1.15,-2.36,135,86,0.69,0.78,0.2,-0.67,-0.83,-0.61,0.05,50.72,75.87
110,0,200610,2.9,52.59,-1.79,-1.79,2.37,-0.31,46,310,1.12,1.19,1.23,-0.18,-0.58,-0.37,0.01,40.5,64.67
110,0,200611,2.46,44.08,-1.51,-1.51,0.27,0.05,14,474,0.39,1.01,1.08,0.39,-0.15,-0.28,-0.2,32.63,55.53
110,0,200612,2.57,36.57,-1.18,-1.18,0.54,0.52,12,692,0.35,0.5,0.95,0.79,0.08,-0.15,-0.03,26.02,47.1
110,0,200701,2.22,31.35,-0.82,-0.82,0.7,1.03,10,840,-0.07,0.18,0.36,0.95,0.07,-0.3,-0.14,21.33,41.4
110,0,200702,1.76,32.41,-0.86,-0.86,-0.37,0.76,6,838,-0.81,-0.62,-0.23,0.64,0.19,-0.22,-0.23,21.94,42.89
110,0,200703,2.31,47.66,-1.62,-1.62,-2.56,-0.78,31,497,-0.35,-0.79,-0.72,0.37,0.34,-0.21,-0.23,35.28,60.03
110,0,200704,2.49,50.54,-1.37,-1.37,0.27,-0.47,24,373,-0.04,-0.23,-0.63,-0.07,0.54,-0.19,-0.25,38.23,62.83
110,0,200705,2.75,62.33,-1.62,-1.62,-1.19,-0.91,117,117,-0.31,-0.23,-0.37,-0.44,0.32,-0.01,-0.29,49.3,75.36
110,0,200706,2.91,69.87,-1.57,-1.57,-0.35,-0.89,232,27,-0.13,-0.3,-0.27,-0.66,0.09,0.13,-0.36,56.82,82.92
110,0,200707,2.88,74.7,-1.55,-1.55,-0.41,-0.91,308,6,0.22,0.02,-0.19,-0.55,-0.23,0.3,-0.34,61.95,87.44
110,0,200708,2.6,74.64,-1.77,-1.77,-1.14,-1.37,363,9,-0.04,0.04,-0.04,-0.36,-0.4,0.22,-0.44,61.83,87.48
110,0,200709,2.17,66.43,-2.1,-2.1,-1.54,-2.1,187,50,-0.7,-0.55,-0.34,-0.42,-0.71,-0.07,-0.4,53.46,79.41
110,0,200710,2.72,56.68,-1.63,-1.63,0.76,-1.22,80,181,0.84,0.22,0.15,-0.03,-0.37,-0.13,-0.31,44.35,68.99
110,0,200711,1.4,44.01,-2.48,-2.48,-3.04,-2.48,17,522,-1.4,-0.35,-0.57,-0.48,-0.58,-0.61,-0.54,32.09,55.9
110,0,200712,2.97,33.22,-2.34,-2.34,-0.36,-2.34,13,798,1.07,-0.24,0.24,-0.03,-0.16,-0.43,-0.29,23.47,42.98
110,0,200801,2.21,30.27,-2.39,-2.39,-0.86,-2.39,7,886,-0.09,0.65,-0.26,-0.11,-0.15,-0.41,-0.37,19.76,40.77
110,0,200802,2.47,34.7,0.48,-1.66,1.43,-0.98,12,729,0.78,0.43,0.97,0.15,0.08,-0.13,-0.11,23.38,46.02
110,0,200803,2.52,41.86,0.38,-1.54,-0.14,-0.87,18,611,0.1,0.6,0.4,0.42,0.15,-0.02,-0.05,29.66,54.07
110,0,200804,2.54,50.4,0.49,-1.23,0.46,-0.33,31,325,0.07,0.13,0.52,0.15,0.15,0.04,-0.05,37.33,63.46
110,0,200805,3,59.36,0.67,-0.88,0.67,0.28,93,188,0.2,0.19,0.16,0.7,0.19,0.13,0.1,46.56,72.14
110,0,200806,3,69.6,0.64,-0.75,0.12,0.42,262,29,0.07,0.15,0.14,0.29,0.33,0.15,0.22,56.57,82.63
110,0,200807,2.8,74.08,0.72,0.72,0.44,0.72,331,6,0,0.03,0.09,0.29,0.06,0.1,0.3,61.09,87.04
110,0,200808,3.05,72.28,1.18,1.18,1.6,1.18,281,15,1.12,0.76,0.58,0.34,0.79,0.31,0.38,59.61,84.94
110,0,200809,2.68,65.21,1.25,1.25,0.59,1.25,170,55,0.42,0.99,0.81,0.53,0.6,0.55,0.34,52.43,77.99
110,0,200810,2.18,53.98,1.22,1.22,0.28,1.22,48,283,-0.03,0.18,0.6,0.45,0.55,0.31,0.14,41.16,66.81
110,0,200811,1.95,43.92,-0.37,0.73,-1.1,-0.04,12,535,-0.46,-0.33,-0.1,0.17,0.16,0.55,-0.01,32.9,54.93
110,0,200812,2.84,31.87,-0.05,0.93,0.84,0.61,8,827,0.83,0.23,0.14,0.47,0.41,0.5,0.11,21.15,42.6
110,0,200901,1.6,31.05,-0.34,-0.34,-0.9,-0.34,7,952,-1.37,-0.25,-0.44,0.04,0.09,0.2,-0.04,19.76,42.31
110,0,200902,1.55,36.77,-0.81,-0.81,-1.5,-0.81,8,695,-1.33,-2.03,-0.9,-0.59,-0.28,-0.21,-0.1,25.03,48.51
110,0,200903,2.7,42.87,0.04,0.04,0.13,-0.68,19,578,0.46,-0.49,-1.33,-0.6,-0.17,-0.11,0.01,30.9,54.84
110,0,200904,2.83,50.92,0.41,0.41,1.12,0.41,30,334,0.7,0.73,0.03,-0.32,0.03,0.06,0.1,38.41,63.41
110,0,200905,3.31,61.65,0.58,0.58,0.65,0.58,118,136,0.8,0.95,0.91,0.09,0,0.17,0.21,49.14,74.17
110,0,200906,3.01,68.54,0.68,0.68,0.47,0.68,221,43,0.1,0.59,0.78,-0.26,-0.11,0.16,0.24,56.48,80.56
110,0,200907,3.07,72.63,1.18,1.18,1.71,1.18,286,15,0.76,0.48,0.76,0.39,0.03,0.26,0.28,59.94,85.32
110,0,200908,2.69,71.89,1.42,1.42,1.07,1.42,303,14,0.21,0.58,0.47,0.92,0.22,0.11,0.31,59.18,84.6
110,0,200909,2.54,66.38,1.24,1.24,-0.09,1.11,168,62,0.11,0.2,0.51,0.83,0,0.04,0.41,53.83,78.93
110,0,200910,4.29,50.5,3.41,3.41,6.9,3.41,47,333,3.09,2.54,2.33,2.17,1.66,1.05,0.91,40.1,60.89
110,0,200911,1.63,45.84,3.05,3.05,-0.03,2.98,17,447,-1.01,1.59,1.34,1.34,1.51,0.88,0.97,34.12,57.54
110,0,200912,3.08,29.64,4.16,4.16,4.27,4.16,7,874,1.27,0.14,1.83,1.68,1.69,1.01,0.97,20.3,38.98
110,0,201001,2.62,30.67,4.65,4.65,2.76,4.65,3,930,0.66,1.27,0.43,1.64,1.68,1.42,1.02,21.31,40.03
110,0,201002,2.01,31.8,4.3,4.3,0.37,4.3,2,811,-0.22,0.35,1.04,1.54,1.55,1.69,0.89,22.44,41.16
110,0,201003,2.3,43.57,3.42,3.42,-1.31,2.86,7,552,-0.37,-0.4,0.08,1.46,1.43,1.53,0.86,32.02,55.11
110,0,201004,2.38,53.24,2.73,2.73,-1.02,1.73,35,272,-0.29,-0.41,-0.45,0.09,1.18,1.31,0.82,40.33,66.15
110,0,201005,3.32,59.88,2.9,2.9,1.37,2.38,127,141,0.82,0.4,0.1,0.7,1.3,1.31,0.89,47.75,72.01
110,0,201006,3.49,70.48,3.03,3.03,1.28,2.92,282,31,1.27,1.28,0.82,0.57,1.58,1.55,1.05,58.39,82.58
110,0,201007,3.32,74.71,3.48,3.48,2.3,3.48,375,6,1.48,1.75,1.7,0.65,0.73,1.69,1.22,62.44,87.01
110,0,201008,2.51,74.05,3.12,3.12,-0.01,3.06,351,9,-0.29,0.72,1.27,0.67,1.09,1.6,1.06,61.27,86.83
110,0,201009,2.78,66.49,2.96,2.96,0.49,2.96,194,52,0.64,0.29,0.91,1.11,0.9,1.75,1.12,53.19,79.79
110,0,201010,1.97,56.14,2.36,2.36,-0.9,1.92,53,238,-0.39,0.05,-0.09,0.96,0.45,0.59,1.09,42.84,69.44
110,0,201011,2.22,42.31,1.97,1.97,-0.44,1.3,13,527,-0.01,-0.27,0.04,0.61,0.46,0.86,1.16,30.81,53.82
110,0,201012,2.45,32.47,1.72,1.72,-0.14,0.95,2,904,0.13,0.1,-0.15,0.3,0.61,0.56,1,22.91,42.03
110,0,201101,1.65,29.71,1.06,1.06,-1.44,-0.28,5,957,-1.25,-0.68,-0.5,-0.41,0.39,0.1,0.97,19.36,40.05
110,0,201102,1.98,33.04,1.02,1.02,0.21,-0.2,8,744,-0.29,-1.19,-0.79,-0.43,0.1,0.08,1.06,21.67,44.42
110,0,201103,2.91,43.07,1.16,1.16,0.72,0.21,24,583,0.87,0.46,-0.4,-0.34,0.07,0.37,1.14,31.84,54.3
110,0,201104,3.42,51.96,1.85,1.85,2.45,1.61,53,315,1.86,1.62,1.27,0.5,0.31,0.89,1.27,39.72,64.2
110,0,201105,3.43,59.13,2.32,2.32,1.96,2.32,105,157,1.02,1.76,1.71,0.79,0.61,0.92,1.33,47.05,71.19
110,0,201106,2.58,69.82,-0.38,1.7,-1.14,1.13,259,38,-0.84,0.17,1.07,0.46,0.22,0.49,1.25,56.93,82.71
110,0,201107,2.44,76.14,-0.82,1.05,-1.43,-0.18,404,7,-1,-1.09,-0.29,0.61,0.15,0.07,1.1,63.36,88.9
110,0,201108,2.34,75,-1.53,-1.53,-2.38,-1.53,349,9,-0.77,-1.19,-1.28,0.51,-0.01,0,1,61.65,88.36
110,0,201109,2.48,66.09,-1.58,-1.58,-0.62,-1.58,174,57,-0.03,-0.47,-0.86,0.24,-0.04,-0.14,1,52.74,79.43
110,0,201110,2.14,55.09,-1.54,-1.54,-0.37,-1.54,48,257,-0.1,-0.11,-0.41,-0.45,0.25,-0.04,0.37,42.35,67.8
110,0,201111,2.47,43.75,-1.57,-1.57,-0.58,-1.57,17,473,0.4,0.21,0.14,-0.62,0.42,0.05,0.63,32.4,55.09
110,0,201112,2.26,35.4,-1.89,-1.89,-1.43,-1.89,10,727,-0.21,0.17,0.05,-0.41,0.17,-0.03,0.41,25.27,45.52
110,0,201201,2.09,36.12,-2.31,-2.31,-1.84,-2.31,11,765,-0.32,-0.36,-0.03,-0.29,-0.34,0.16,0.26,24.67,47.59
110,0,201202,1.85,37.51,-2.38,-2.38,-0.93,-2.38,12,632,-0.59,-0.68,-0.64,-0.27,-0.79,0.09,0.21,26.96,48.07
110,0,201203,2.87,50.41,-2.72,-2.72,-1.77,-2.72,48,381,0.79,0.22,-0.06,0,-0.39,0.1,0.37,37.96,62.85
110,0,201204,2.23,54.68,-3.11,-3.11,-1.99,-3.11,47,293,-0.65,0.19,-0.12,-0.09,-0.33,-0.39,0.33,41.72,67.64
110,0,201205,2.5,63.45,-3.57,-3.57,-2.35,-3.57,154,98,-0.85,-1.01,-0.31,-0.67,-0.4,-0.8,0.07,50.23,76.64
110,0,201206,2.24,70.54,-4.12,-4.12,-2.75,-4.12,232,31,-1.52,-1.49,-1.49,-1.12,-0.77,-0.94,-0.26,56.88,84.2
110,0,201207,2.51,76.77,-4.79,-4.79,-3.3,-4.79,402,4,-0.81,-1.45,-1.47,-1.11,-0.89,-0.9,-0.51,63.55,89.96
110,0,201208,2.47,73.8,-5.11,-5.11,-2.43,-5.11,327,8,-0.4,-0.85,-1.43,-1.09,-1.17,-0.86,-0.51,60.21,87.39
110,0,201209,2.34,66.31,-4.99,-4.99,-1.23,-4.99,172,60,-0.33,-0.48,-0.78,-1.46,-1.26,-0.94,-0.66,52.54,80.08
110,0,201210,2.23,53.89,-4.43,-4.43,0.14,-4.32,53,263,0.05,-0.17,-0.32,-1.18,-1.05,-0.92,-0.61,41.7,66.07
110,0,201211,1.32,44.01,-5.23,-5.23,-3.78,-5.23,12,543,-1.54,-1.02,-0.93,-1.41,-1.27,-1.39,-0.86,32.09,55.92
110,0,201212,2.88,35.92,-5.27,-5.27,-1.73,-5.27,10,702,0.91,-0.44,-0.33,-0.65,-1.18,-1.13,-0.69,26.02,45.82
110,0,201301,2.37,32.25,-5.31,-5.31,-1.75,-5.31,14,833,0.21,0.73,-0.27,-0.39,-1.01,-0.96,-0.44,21.79,42.71
110,0,201302,2.02,34.77,-4.9,-4.9,-0.42,-4.9,10,738,-0.19,0.01,0.58,-0.35,-0.92,-0.91,-0.43,24.08,45.46
110,0,201303,1.72,40.91,-5.18,-5.18,-2.35,-5.18,10,664,-1.81,-1.39,-0.96,-0.8,-0.96,-1.35,-0.74,29.1,52.7
110,0,201304,2.9,49.68,0.58,-4.07,1.75,-3.36,32,349,0.84,-0.5,-0.52,-0.53,-0.6,-1.13,-0.89,37.26,62.06
110,0,201305,3.35,60.85,0.88,-3.29,1.08,-2.14,98,136,0.87,1.08,0.07,0.38,-0.27,-0.76,-0.92,48.18,73.53
110,0,201306,3.34,70.39,1.08,-2.66,0.86,-1.18,243,26,0.89,1.11,1.24,0.26,-0.03,-0.3,-0.74,57.78,82.99
110,0,201307,3.34,74.21,1.73,-1.63,2.28,0.62,337,5,1.54,1.51,1.56,0.54,0.23,0.04,-0.52,61.99,86.43
110,0,201308,2.56,72.99,1.69,-1.32,0.43,0.96,286,11,-0.15,0.86,1.15,0.58,0.75,0.09,-0.46,60.58,85.39
110,0,201309,2.98,66.96,1.84,-0.86,0.98,1.57,175,59,1.09,0.69,1.26,1.67,0.8,0.38,-0.34,54.72,79.18
110,0,201310,2.23,53.44,1.85,-0.57,0.59,1.83,54,259,0.05,0.6,0.45,1.27,0.67,0.4,-0.33,41.54,65.32
110,0,201311,2.04,41.61,1.59,-0.58,-0.21,1.57,16,576,-0.31,-0.17,0.29,0.76,0.56,0.72,-0.45,30.74,52.48
110,0,201312,2.21,31.06,1.43,1.43,0.01,1.43,12,835,-0.3,-0.38,-0.29,0.37,0.88,0.41,-0.41,20.61,41.52
110,0,201401,1.37,30.56,0.72,0.72,-1.69,-0.29,6,980,-1.91,-1.34,-1.19,-0.53,0.25,-0.04,-0.57,18.68,42.44
110,0,201402,2.25,32.13,1,1,1.05,0.52,11,807,0.31,-1.21,-1.1,-0.41,0.07,0.04,-0.46,21.24,43.02
110,0,201403,2.37,40.51,0.81,0.81,-0.24,0.17,14,690,-0.22,0.08,-1.13,-0.85,-0.17,0.35,-0.59,28.18,52.84
110,0,201404,2.88,51.69,1.06,1.06,0.99,0.8,35,328,0.8,0.38,0.49,-0.6,-0.24,0.39,-0.41,38.8,64.56
110,0,201405,2.81,61.27,0.75,0.75,-0.61,0.1,111,128,-0.18,0.38,0.16,-0.6,-0.26,0.12,-0.36,48.45,74.1
110,0,201406,3.67,69.58,1.33,1.33,1.98,1.33,240,27,1.76,0.81,1,0,-0.19,0.25,0.02,57.36,81.81
110,0,201407,2.6,73.29,1.27,1.27,0.25,1.27,298,10,-0.56,0.79,0.4,0.47,-0.3,-0.09,0.02,60.78,85.8
110,0,201408,3.13,72.25,1.79,1.79,1.93,1.79,289,13,1.32,0.52,1.39,0.79,0.05,0.17,0.22,60.26,84.22
110,0,201409,2.64,66.2,1.67,1.67,0.2,1.67,179,57,0.33,1.05,0.6,1.06,0.26,0.01,0.29,54.12,78.26
110,0,201410,2.42,56.93,1.53,1.53,0.09,1.5,71,222,0.36,0.42,0.9,0.87,0.87,0.12,0.36,44.46,69.39
110,0,201411,2.13,39.25,1.44,1.44,0.2,1.43,9,620,-0.16,0.14,0.23,0.84,0.66,0.14,0.6,28.22,50.29
110,0,201412,2.58,36.81,1.42,1.42,0.37,1.42,9,712,0.37,0.14,0.27,0.47,0.83,0.31,0.53,28.26,45.34
110,0,201501,1.83,33.08,-0.15,1.12,-0.45,0.79,8,900,-0.86,-0.29,-0.29,0.3,0.44,0.5,0.37,22.89,43.27
110,0,201502,1.74,32.99,-0.29,0.85,-0.47,0.19,6,879,-0.85,-1.29,-0.7,-0.24,0.3,0.26,0.29,21.58,44.4
110,0,201503,2.13,45.39,-1.06,-1.06,-2.39,-1.06,28,592,-0.76,-1.15,-1.55,-0.59,-0.25,0.18,0.41,33.03,57.76
110,0,201504,2.83,53.24,0.09,-0.85,0.28,-0.55,51,303,0.7,0,-0.44,-0.5,0.06,0.2,0.39,40.62,65.84
110,0,201505,4.44,60.84,1.47,1.47,4.14,1.47,123,119,2.7,2.2,1.41,0.59,0.57,0.93,0.64,49.12,72.54
110,0,201506,3.55,71.37,1.7,1.7,1.16,1.7,252,24,1.43,3.04,2.54,0.88,0.77,0.86,0.72,59.07,83.64
110,0,201507,3.23,73.92,2.23,2.23,2.12,2.23,333,6,1.22,1.69,3.09,1.55,0.9,1.15,0.69,61.84,85.96
110,0,201508,2.41,72.95,1.99,1.99,-0.05,1.9,312,11,-0.57,0.34,1.07,1.85,0.91,0.81,0.66,60.1,85.77
110,0,201509,2.12,68.54,1.09,1.09,-2.07,0.02,220,31,-0.81,-0.95,-0.2,1.77,0.61,0.57,0.41,55.74,81.3
110,0,201510,2.9,57.24,1.38,1.38,1.2,0.81,73,230,1.12,0.38,0.09,1.95,1.23,0.81,0.63,45.37,69.1
110,0,201511,3.35,44.6,2.09,2.09,2.54,2.09,27,448,1.83,1.91,1.26,1.61,2.11,1.41,1.02,33.96,55.22
110,0,201512,4.06,38.66,3.5,3.5,4.88,3.5,24,585,3.03,2.94,2.87,2.22,3.09,2.21,1.47,29.25,48.06
110,0,201601,2.04,32.22,3.6,3.6,1.38,3.6,6,881,-0.42,1.73,2.23,1.66,2.65,2.16,1.54,22.59,41.86
110,0,201602,1.93,39.47,-0.31,2.92,-0.92,2.5,10,636,-0.4,-0.64,1.36,1.68,1.95,2.35,1.45,28.11,50.81
110,0,201603,2.92,47.5,-0.48,2.41,-0.62,1.7,33,455,0.89,0.4,0.04,2.23,1.84,2.85,1.63,35.51,59.47
110,0,201604,3,53.19,0.26,2.43,0.79,1.97,40,314,1.05,1.18,0.84,1.99,1.79,2.71,1.64,40.8,65.57
110,0,201605,3.07,60.33,0.4,2.34,0.49,2.02,94,152,0.34,0.86,1.05,1.59,1.92,2.11,1.78,48.15,72.5
110,0,201606,2.48,71.76,-0.7,1.4,-2.09,0.25,268,20,-1.04,-0.45,0.15,0.06,1.94,1.6,1.5,58.6,84.92
110,0,201607,2.92,75.22,-0.82,1.06,-0.58,-0.28,381,5,0.34,-0.56,-0.27,0.28,1.65,1.44,1.65,62.53,87.91
110,0,201608,3.47,73.53,-0.09,1.6,1.94,0.94,360,6,2.11,1.95,0.61,1.14,1.65,2.01,1.73,61.23,85.8
110,0,201609,2.73,67.12,-0.07,1.44,0.02,0.77,216,38,0.53,1.71,1.56,1.01,0.79,2.4,1.83,54.84,79.39
110,0,201610,2.39,57.72,-0.17,1.19,-0.32,0.4,82,199,0.31,0.5,1.33,0.71,0.95,2.02,1.87,45.55,69.89
110,0,201611,1.75,47.97,-1.18,-1.18,-3.07,-1.18,23,423,-0.8,-0.32,-0.05,0.22,0.71,1.23,1.73,36.36,59.56
110,0,201612,2.72,32.95,-1.4,-1.4,-1.02,-1.4,15,793,0.62,-0.13,0.04,0.78,0.66,0.58,1.61,23.27,42.64
110,0,201701,3.24,33.57,-0.91,-0.91,1.03,-0.26,15,775,1.68,1.57,0.77,1.29,0.93,1.09,1.85,24.35,42.78
110,0,201702,2.25,41.18,-0.92,-0.92,-0.3,-0.38,20,554,0.31,1.51,1.53,0.87,0.97,1.27,1.94,30.2,52.14
110,0,201703,2.59,46.15,-1.23,-1.23,-1.2,-1.23,29,551,0.24,0.39,1.34,0.84,1.33,1.14,2.14,34.48,57.81
110,0,201704,3.5,53.8,0.67,0.67,2.01,0.67,53,250,2.01,1.37,1.29,1.34,1.75,1.39,2.26,41.68,65.88
110,0,201705,3.36,60.57,1,1,1.21,1,102,156,0.89,1.77,1.45,2,1.49,1.53,2.12,47.86,73.26
110,0,201706,3.07,70.36,0.94,0.94,0.1,0.9,237,24,0.24,0.74,1.6,2.06,1.44,1.85,2.05,57.45,83.25
110,0,201707,2.8,75.7,0.89,0.89,0.15,0.85,359,5,0,0.14,0.57,1.25,1.37,1.8,2.03,62.85,88.56
110,0,201708,3.42,72.01,1.69,1.69,2.68,1.69,287,15,1.99,1.55,1.22,2,2.39,1.77,2.28,59.76,84.27
110,0,201709,2.27,66.27,-0.31,1.21,-0.92,0.68,180,44,-0.49,0.92,0.75,1.63,2.12,1.55,2.47,53.76,78.76
110,0,201710,2.6,55.69,0.3,1.38,0.89,1.22,74,194,0.65,0.2,1.01,1.05,1.57,1.63,2.42,42.93,68.45
110,0,201711,1.62,45.03,-0.72,-0.72,-2.15,-0.72,25,498,-1.02,-0.23,-0.39,0.25,1,1.58,1.83,33.87,56.17
110,0,201712,1.59,34.29,-1.54,-1.54,-2.69,-1.54,9,810,-1.41,-1.63,-0.88,-0.31,0.51,1.01,1.02,23.74,44.83
